"Date","Price","Open","High","Low","Vol.","Change %"
"07/18/2025","8.07","8.10","8.10","8.06","51.97K","-0.14%"
"07/17/2025","8.08","8.04","8.08","8.04","27.52K","1.32%"
"07/16/2025","7.97","8.01","8.04","7.97","106.39K","-0.75%"
"07/15/2025","8.03","8.09","8.10","8.03","112.01K","-0.29%"
"07/14/2025","8.06","8.02","8.06","8.02","91.68K","0.00%"
"07/11/2025","8.06","8.13","8.13","8.05","56.19K","-1.24%"
"07/10/2025","8.16","8.15","8.17","8.15","58.18K","0.44%"
"07/09/2025","8.12","8.07","8.13","8.06","132.84K","0.74%"
"07/08/2025","8.06","8.03","8.06","8.01","35.08K","0.42%"
"07/07/2025","8.03","7.99","8.03","7.99","78.01K","0.45%"
"07/04/2025","7.99","8.00","8.00","7.97","99.63K","-0.56%"
"07/03/2025","8.04","8.02","8.04","8.00","122.44K","0.51%"
"07/02/2025","8.00","8.03","8.03","7.97","324.32K","0.00%"
"07/01/2025","7.99","8.02","8.02","7.95","50.98K","0.00%"
"06/30/2025","7.99","8.05","8.05","7.99","1.81M","-0.63%"
"06/27/2025","8.04","7.99","8.04","7.99","359.60K","1.31%"
"06/26/2025","7.94","7.96","7.96","7.92","31.80K","0.00%"
"06/25/2025","7.94","8.02","8.02","7.94","17.70K","-0.87%"
"06/24/2025","8.01","8.04","8.04","7.99","18.20K","1.16%"
"06/23/2025","7.91","7.91","7.94","7.88","60.58K","-0.38%"
"06/20/2025","7.95","7.96","8.00","7.94","115.45K","0.27%"
"06/19/2025","7.92","7.95","7.96","7.92","14.97K","-0.78%"
"06/18/2025","7.99","8.01","8.01","7.97","29.46K","-0.39%"
"06/17/2025","8.02","8.03","8.04","8.00","29.44K","-0.83%"
"06/16/2025","8.08","8.07","8.10","8.06","387.44K","0.36%"
"06/13/2025","8.06","8.04","8.09","8.02","72.19K","-0.97%"
"06/12/2025","8.13","8.13","8.15","8.09","18.45K","-0.34%"
"06/11/2025","8.16","8.19","8.23","8.16","66.93K","-0.34%"
"06/10/2025","8.19","8.20","8.20","8.18","64.91K","-0.07%"
"06/09/2025","8.20","8.21","8.21","8.18","9.70K","-0.15%"
"06/06/2025","8.21","8.16","8.21","8.16","58.21K","0.50%"
"06/05/2025","8.17","8.16","8.19","8.12","23.60K","0.26%"
"06/04/2025","8.15","8.12","8.17","8.12","945.40K","0.64%"
"06/03/2025","8.09","8.13","8.13","8.07","283.87K","-0.09%"
"06/02/2025","8.10","8.10","8.11","8.06","41.92K","-0.10%"
"05/30/2025","8.11","8.12","8.16","8.11","360.85K","0.16%"
"05/29/2025","8.10","8.16","8.16","8.10","7.26K","-0.11%"
"05/28/2025","8.10","8.16","8.16","8.10","14.15K","-0.71%"
"05/27/2025","8.16","8.15","8.18","8.15","69.92K","0.00%"
"05/26/2025","8.16","8.15","8.16","8.14","23.53K","0.91%"
"05/23/2025","8.09","8.16","8.16","7.98","61.31K","-0.64%"
"05/22/2025","8.14","8.15","8.15","8.08","116.28K","-0.59%"
"05/21/2025","8.19","8.18","8.19","8.15","28.35K","-0.07%"
"05/20/2025","8.20","8.15","8.20","8.14","11.55K","0.74%"
"05/19/2025","8.14","8.11","8.14","8.07","70.11K","0.31%"
"05/16/2025","8.11","8.12","8.13","8.08","79.75K","0.32%"
"05/15/2025","8.09","8.01","8.09","7.99","35.34K","0.50%"
"05/14/2025","8.05","8.03","8.05","8.00","96.65K","0.00%"
"05/13/2025","8.05","8.04","8.06","8.03","15.47K","0.19%"
"05/12/2025","8.03","8.02","8.04","7.98","61.51K","1.06%"
"05/09/2025","7.95","7.91","7.95","7.91","154.13K","0.68%"
"05/08/2025","7.89","7.88","7.94","7.88","45.37K","0.34%"
"05/07/2025","7.87","7.88","7.88","7.85","252.77K","-0.42%"
"05/06/2025","7.90","7.93","7.93","7.86","299.33K","-0.44%"
"05/05/2025","7.93","7.91","7.94","7.89","14.98K","0.43%"
"05/02/2025","7.90","7.83","7.90","7.81","106.81K","1.73%"
"04/30/2025","7.77","7.75","7.77","7.68","151.93K","0.45%"
"04/29/2025","7.73","7.71","7.73","7.69","13.55K","0.56%"
"04/28/2025","7.69","7.69","7.71","7.67","21.64K","0.27%"
"04/25/2025","7.67","7.66","7.67","7.62","214.30K","0.45%"
"04/24/2025","7.63","7.58","7.63","7.54","730.26K","0.73%"
"04/23/2025","7.58","7.56","7.64","7.56","352.08K","1.47%"
"04/22/2025","7.47","7.37","7.47","7.36","175.06K","0.73%"
"04/17/2025","7.41","7.42","7.43","7.39","43.46K","-0.38%"
"04/16/2025","7.44","7.39","7.44","7.36","92.96K","-0.28%"
"04/15/2025","7.46","7.38","7.46","7.38","196.67K","1.73%"
"04/14/2025","7.34","7.26","7.34","7.25","139.58K","2.60%"
"04/11/2025","7.15","7.22","7.22","7.06","123.35K","0.17%"
"04/10/2025","7.14","7.36","7.37","7.14","222.35K","3.90%"
"04/09/2025","6.87","6.95","7.00","6.81","85.43K","-3.85%"
"04/08/2025","7.15","7.01","7.20","6.99","245.59K","3.09%"
"04/07/2025","6.93","6.87","7.08","6.85","164.31K","-4.62%"
"04/04/2025","7.27","7.56","7.57","7.23","175.85K","-4.78%"
"04/03/2025","7.63","7.72","7.75","7.62","172.75K","-2.63%"
"04/02/2025","7.84","7.84","7.84","7.78","89.92K","-0.37%"
"04/01/2025","7.87","7.87","7.88","7.82","177.61K","1.07%"
"03/31/2025","7.78","7.83","7.84","7.76","81.66K","-1.53%"
"03/28/2025","7.91","7.94","7.97","7.90","31.96K","-0.67%"
"03/27/2025","7.96","7.91","7.96","7.90","19.31K","-0.14%"
"03/26/2025","7.97","8.04","8.04","7.97","74.20K","-0.90%"
"03/25/2025","8.04","8.01","8.06","8.00","60.40K","0.79%"
"03/24/2025","7.98","8.03","8.05","7.96","132.47K","-0.14%"
"03/21/2025","7.99","8.02","8.02","7.97","48.38K","-0.77%"
"03/20/2025","8.05","8.07","8.08","8.01","22.78K","-0.22%"
"03/19/2025","8.07","8.02","8.07","8.02","81.53K","0.34%"
"03/18/2025","8.04","8.02","8.06","8.02","58.14K","0.65%"
"03/17/2025","7.99","7.94","7.99","7.94","69.45K","0.74%"
"03/14/2025","7.93","7.86","7.94","7.85","100.97K","1.16%"
"03/13/2025","7.84","7.86","7.91","7.84","162.23K","-0.46%"
"03/12/2025","7.88","7.87","7.95","7.83","90.43K","0.75%"
"03/11/2025","7.82","7.93","7.95","7.80","279.51K","-1.72%"
"03/10/2025","7.95","8.08","8.08","7.95","3.57M","-1.45%"
"03/07/2025","8.07","8.04","8.08","8.01","124.44K","-0.10%"
"03/06/2025","8.08","8.13","8.14","8.02","234.85K","-0.26%"
"03/05/2025","8.10","8.11","8.15","8.10","76.96K","0.83%"
"03/04/2025","8.03","8.15","8.16","8.03","308.04K","-2.32%"
"03/03/2025","8.23","8.18","8.25","8.13","1.38M","0.59%"
"02/28/2025","8.18","8.12","8.18","8.10","98.83K","-0.06%"
"02/27/2025","8.18","8.15","8.18","8.14","44.66K","-0.40%"
"02/26/2025","8.22","8.17","8.22","8.16","38.41K","0.80%"
"02/25/2025","8.15","8.12","8.16","8.11","114.93K","0.22%"
"02/24/2025","8.13","8.15","8.15","8.10","31.07K","-0.28%"
"02/21/2025","8.15","8.11","8.15","8.11","78.21K","0.74%"
"02/20/2025","8.10","8.11","8.13","8.09","101.94K","0.00%"
"02/19/2025","8.10","8.17","8.17","8.09","117.23K","-0.84%"
"02/18/2025","8.17","8.15","8.17","8.13","22.60K","0.38%"
"02/17/2025","8.14","8.10","8.14","8.10","52.18K","0.43%"
"02/14/2025","8.10","8.11","8.13","8.09","226.38K","-0.20%"
"02/13/2025","8.12","8.08","8.12","8.06","98.18K","1.11%"
"02/12/2025","8.03","8.04","8.04","8.01","33.64K","0.00%"
"02/11/2025","8.03","8.01","8.03","8.00","70.08K","0.24%"
"02/10/2025","8.01","7.99","8.02","7.99","94.31K","0.48%"
"02/07/2025","7.97","8.00","8.01","7.97","42.40K","-0.57%"
"02/06/2025","8.02","7.95","8.02","7.95","31.45K","1.37%"
"02/05/2025","7.91","7.87","7.91","7.87","55.23K","0.36%"
"02/04/2025","7.88","7.85","7.88","7.82","67.16K","0.36%"
"02/03/2025","7.86","7.81","7.86","7.81","178.28K","-0.95%"
"01/31/2025","7.93","7.93","7.95","7.93","98.67K","0.15%"
"01/30/2025","7.92","7.87","7.92","7.87","61.78K","0.79%"
"01/29/2025","7.86","7.86","7.87","7.85","41.68K","0.49%"
"01/28/2025","7.82","7.82","7.85","7.80","36.42K","0.19%"
"01/27/2025","7.80","7.74","7.80","7.73","76.39K","0.18%"
"01/24/2025","7.79","7.82","7.83","7.78","232.72K","-0.22%"
"01/23/2025","7.81","7.77","7.81","7.76","42.03K","0.46%"
"01/22/2025","7.77","7.76","7.80","7.76","99.96K","0.26%"
"01/21/2025","7.75","7.70","7.75","7.70","33.67K","0.57%"
"01/20/2025","7.71","7.71","7.73","7.68","54.19K","0.09%"
"01/17/2025","7.70","7.68","7.71","7.68","48.20K","0.31%"
"01/16/2025","7.68","7.63","7.68","7.62","43.49K","1.19%"
"01/15/2025","7.59","7.51","7.59","7.50","34.10K","1.36%"
"01/14/2025","7.48","7.53","7.54","7.48","70.73K","0.07%"
"01/13/2025","7.48","7.49","7.50","7.46","91.26K","-0.62%"
"01/10/2025","7.53","7.59","7.60","7.53","89.11K","-1.08%"
"01/09/2025","7.61","7.53","7.61","7.53","16.48K","0.44%"
"01/08/2025","7.57","7.59","7.61","7.53","77.97K","-0.16%"
"01/07/2025","7.59","7.56","7.60","7.53","107.09K","-0.09%"
"01/06/2025","7.59","7.51","7.59","7.50","79.46K","1.31%"
"01/03/2025","7.50","7.53","7.53","7.48","53.49K","-0.74%"
"01/02/2025","7.55","7.51","7.55","7.46","173.42K","0.91%"
"12/30/2024","7.48","7.45","7.48","7.44","127.06K","0.07%"
"12/27/2024","7.48","7.40","7.48","7.40","160.47K","0.69%"
"12/23/2024","7.43","7.38","7.43","7.38","126.09K","0.30%"
"12/20/2024","7.41","7.41","7.41","7.32","317.90K","-0.82%"
"12/19/2024","7.47","7.48","7.50","7.45","123.99K","-1.45%"
"12/18/2024","7.58","7.58","7.60","7.57","264.21K","-0.09%"
"12/17/2024","7.58","7.57","7.59","7.57","96.27K","-0.32%"
"12/16/2024","7.61","7.62","7.62","7.58","76.64K","-0.13%"
"12/13/2024","7.62","7.64","7.65","7.61","139.11K","-0.41%"
"12/12/2024","7.65","7.67","7.67","7.65","46.46K","-0.13%"
"12/11/2024","7.66","7.63","7.67","7.63","103.40K","0.30%"
"12/10/2024","7.64","7.66","7.68","7.64","367.37K","-0.68%"
"12/09/2024","7.69","7.71","7.71","7.67","144.28K","0.00%"
"12/06/2024","7.69","7.67","7.69","7.67","170.23K","0.16%"
"12/05/2024","7.67","7.65","7.68","7.64","72.96K","0.47%"
"12/04/2024","7.64","7.62","7.64","7.61","75.97K","0.38%"
"12/03/2024","7.61","7.60","7.63","7.60","314.98K","0.45%"
"12/02/2024","7.57","7.52","7.59","7.52","1.19M","0.49%"
"11/29/2024","7.54","7.48","7.54","7.47","103.18K","0.60%"
"11/28/2024","7.49","7.51","7.52","7.49","175.92K","0.36%"
"11/27/2024","7.47","7.46","7.47","7.43","140.48K","-0.21%"
"11/26/2024","7.48","7.48","7.51","7.46","175.51K","-0.49%"
"11/25/2024","7.52","7.55","7.55","7.50","23.15K","0.00%"
"11/22/2024","7.52","7.46","7.52","7.42","64.57K","1.35%"
"11/21/2024","7.42","7.39","7.42","7.36","126.00K","0.41%"
"11/20/2024","7.39","7.43","7.44","7.38","43.40K","0.00%"
"11/19/2024","7.39","7.44","7.44","7.32","134.74K","-0.44%"
"11/18/2024","7.42","7.42","7.42","7.38","65.36K","0.09%"
"11/15/2024","7.41","7.43","7.45","7.41","113.66K","-0.82%"
"11/14/2024","7.48","7.40","7.48","7.40","89.75K","1.20%"
"11/13/2024","7.39","7.37","7.40","7.34","547.43K","0.00%"
"11/12/2024","7.39","7.47","7.48","7.39","67.68K","-1.99%"
"11/11/2024","7.54","7.51","7.56","7.51","156.79K","1.14%"
"11/08/2024","7.45","7.51","7.51","7.43","98.01K","-0.48%"
"11/07/2024","7.49","7.47","7.52","7.47","199.26K","0.35%"
"11/06/2024","7.46","7.58","7.64","7.45","123.18K","-0.65%"
"11/05/2024","7.51","7.51","7.53","7.49","48.33K","0.00%"
"11/04/2024","7.51","7.53","7.55","7.51","280.62K","-0.41%"
"11/01/2024","7.54","7.48","7.55","7.48","79.80K","1.09%"
"10/31/2024","7.46","7.50","7.51","7.42","370.64K","-1.34%"
"10/30/2024","7.56","7.62","7.63","7.55","91.27K","-1.27%"
"10/29/2024","7.66","7.72","7.72","7.66","56.94K","-0.61%"
"10/28/2024","7.70","7.69","7.70","7.65","92.32K","0.59%"
"10/25/2024","7.66","7.66","7.67","7.64","102.57K","-0.17%"
"10/24/2024","7.67","7.68","7.71","7.67","1.48M","0.12%"
"10/23/2024","7.66","7.69","7.70","7.66","55.93K","-0.35%"
"10/22/2024","7.69","7.70","7.71","7.64","31.51K","-0.25%"
"10/21/2024","7.71","7.75","7.77","7.71","61.83K","-0.71%"
"10/18/2024","7.76","7.74","7.77","7.74","36.25K","0.25%"
"10/17/2024","7.74","7.70","7.77","7.69","167.40K","0.64%"
"10/16/2024","7.70","7.68","7.70","7.67","450.46K","-0.18%"
"10/15/2024","7.71","7.80","7.80","7.71","56.88K","-0.93%"
"10/14/2024","7.78","7.73","7.78","7.72","27.73K","0.63%"
"10/11/2024","7.73","7.69","7.73","7.68","71.59K","0.55%"
"10/10/2024","7.69","7.72","7.72","7.67","27.45K","-0.06%"
"10/09/2024","7.70","7.65","7.70","7.65","15.70K","0.72%"
"10/08/2024","7.64","7.61","7.66","7.61","21.33K","-0.43%"
"10/07/2024","7.67","7.69","7.69","7.65","208.85K","0.00%"
"10/04/2024","7.67","7.64","7.68","7.64","120.45K","0.46%"
"10/03/2024","7.64","7.68","7.68","7.63","51.78K","-0.90%"
"10/02/2024","7.70","7.72","7.73","7.67","64.36K","0.00%"
"10/01/2024","7.71","7.76","7.77","7.69","96.91K","-0.46%"
"09/30/2024","7.74","7.79","7.80","7.74","558.00K","-0.96%"
"09/27/2024","7.82","7.79","7.82","7.78","77.39K","0.45%"
"09/26/2024","7.78","7.77","7.79","7.76","38.31K","1.39%"
"09/25/2024","7.68","7.66","7.69","7.66","23.55K","-0.16%"
"09/24/2024","7.69","7.70","7.70","7.67","46.28K","0.68%"
"09/23/2024","7.64","7.60","7.64","7.60","273.53K","0.37%"
"09/20/2024","7.61","7.70","7.70","7.61","242.79K","-1.44%"
"09/19/2024","7.72","7.69","7.73","7.67","42.11K","1.42%"
"09/18/2024","7.61","7.65","7.66","7.61","40.85K","-0.61%"
"09/17/2024","7.66","7.67","7.68","7.66","81.00K","0.29%"
"09/16/2024","7.64","7.62","7.65","7.62","","0.00%"
"09/13/2024","7.64","7.61","7.64","7.61","23.28K","0.69%"
"09/12/2024","7.59","7.61","7.61","7.57","12.86K","0.73%"
"09/11/2024","7.53","7.54","7.56","7.51","231.35K","0.08%"
"09/10/2024","7.52","7.54","7.58","7.52","13.04K","-0.56%"
"09/09/2024","7.57","7.54","7.58","7.54","57.42K","0.84%"
"09/06/2024","7.50","7.55","7.60","7.49","28.68K","-0.96%"
"09/05/2024","7.58","7.59","7.62","7.58","32.45K","-0.47%"
"09/04/2024","7.61","7.60","7.63","7.60","35.98K","-0.99%"
"09/03/2024","7.69","7.77","7.77","7.69","25.63K","-0.98%"
"09/02/2024","7.76","7.75","7.76","7.71","49.43K","0.09%"
"08/30/2024","7.76","7.75","7.77","7.75","44.96K","0.13%"
"08/29/2024","7.75","7.69","7.75","7.69","63.79K","0.85%"
"08/28/2024","7.68","7.68","7.70","7.67","23.42K","0.35%"
"08/27/2024","7.66","7.66","7.66","7.64","13.31K","0.12%"
"08/26/2024","7.65","7.64","7.66","7.64","25.25K","0.00%"
"08/23/2024","7.65","7.62","7.66","7.62","27.91K","0.50%"
"08/22/2024","7.61","7.59","7.63","7.59","21.89K","0.33%"
"08/21/2024","7.58","7.56","7.58","7.55","167.30K","0.33%"
"08/20/2024","7.56","7.60","7.60","7.56","99.67K","-0.59%"
"08/19/2024","7.60","7.54","7.60","7.53","33.27K","0.93%"
"08/16/2024","7.53","7.54","7.55","7.52","46.68K","0.00%"
"08/15/2024","7.53","7.46","7.53","7.44","66.83K","1.37%"
"08/14/2024","7.43","7.42","7.43","7.39","29.95K","0.53%"
"08/13/2024","7.39","7.38","7.39","7.33","268.75K","0.63%"
"08/12/2024","7.34","7.37","7.38","7.33","23.93K","0.00%"
"08/09/2024","7.35","7.32","7.36","7.31","21.15K","0.59%"
"08/08/2024","7.30","7.25","7.31","7.21","97.35K","0.12%"
"08/07/2024","7.30","7.22","7.30","7.22","34.94K","1.60%"
"08/06/2024","7.18","7.22","7.23","7.12","72.56K","0.15%"
"08/05/2024","7.17","7.10","7.18","7.07","30.26K","-2.16%"
"08/02/2024","7.33","7.43","7.43","7.31","82.16K","-2.48%"
"08/01/2024","7.51","7.62","7.62","7.51","74.36K","-1.40%"
"07/31/2024","7.62","7.63","7.65","7.61","13.41K","0.67%"
"07/30/2024","7.57","7.55","7.58","7.54","18.95K","0.53%"
"07/29/2024","7.53","7.58","7.58","7.53","212.43K","-0.33%"
"07/26/2024","7.55","7.49","7.56","7.49","51.47K","1.14%"
"07/25/2024","7.47","7.47","7.49","7.42","109.20K","-0.84%"
"07/24/2024","7.53","7.52","7.55","7.51","7.10K","-0.58%"
"07/23/2024","7.58","7.57","7.61","7.55","54.99K","0.20%"
"07/22/2024","7.56","7.52","7.59","7.52","101.58K","1.02%"
"07/19/2024","7.49","7.51","7.51","7.48","162.33K","-0.69%"
"07/18/2024","7.54","7.59","7.61","7.54","72.04K","-0.48%"
"07/17/2024","7.57","7.58","7.59","7.55","350.09K","-0.46%"
"07/16/2024","7.61","7.59","7.62","7.58","49.70K","-0.37%"
"07/15/2024","7.64","7.68","7.70","7.64","69.80K","-0.97%"
"07/12/2024","7.71","7.67","7.72","7.66","257.42K","0.97%"
"07/11/2024","7.64","7.62","7.65","7.61","113.85K","0.47%"
"07/10/2024","7.60","7.54","7.60","7.54","64.64K","0.94%"
"07/09/2024","7.53","7.57","7.59","7.52","235.19K","-0.80%"
"07/08/2024","7.59","7.59","7.63","7.59","664.00K","0.00%"
"07/05/2024","7.59","7.62","7.64","7.58","83.55K","-0.17%"
"07/04/2024","7.61","7.59","7.62","7.59","544.49K","0.50%"
"07/03/2024","7.57","7.55","7.58","7.54","230.96K","0.75%"
"07/02/2024","7.51","7.51","7.52","7.47","138.58K","-0.54%"
"07/01/2024","7.55","7.61","7.61","7.54","393.10K","0.33%"
"06/28/2024","7.53","7.57","7.57","7.52","11.94K","-0.21%"
"06/27/2024","7.54","7.57","7.59","7.54","27.71K","-0.47%"
"06/26/2024","7.58","7.64","7.66","7.57","20.43K","-0.52%"
"06/25/2024","7.62","7.61","7.63","7.60","29.23K","-0.13%"
"06/24/2024","7.63","7.58","7.64","7.57","70.50K","0.81%"
"06/21/2024","7.57","7.60","7.62","7.56","99.73K","-0.89%"
"06/20/2024","7.64","7.57","7.64","7.56","45.07K","1.07%"
"06/19/2024","7.56","7.57","7.57","7.55","217.64K","-0.24%"
"06/18/2024","7.57","7.57","7.57","7.53","33.27K","0.73%"
"06/17/2024","7.52","7.53","7.55","7.49","43.23K","0.13%"
"06/14/2024","7.51","7.60","7.61","7.49","69.91K","-0.98%"
"06/13/2024","7.58","7.66","7.66","7.58","246.74K","-1.31%"
"06/12/2024","7.68","7.61","7.69","7.61","183.31K","1.15%"
"06/11/2024","7.60","7.69","7.69","7.59","215.22K","-0.96%"
"06/10/2024","7.67","7.63","7.67","7.62","114.44K","-0.26%"
"06/07/2024","7.69","7.71","7.72","7.67","51.79K","-0.14%"
"06/06/2024","7.70","7.69","7.72","7.69","41.02K","0.50%"
"06/05/2024","7.66","7.62","7.66","7.61","194.76K","1.26%"
"06/04/2024","7.57","7.58","7.60","7.54","112.58K","-0.51%"
"06/03/2024","7.61","7.64","7.65","7.59","101.46K","0.42%"
"05/31/2024","7.58","7.55","7.58","7.55","34.90K","0.38%"
"05/30/2024","7.55","7.50","7.55","7.50","35.86K","0.48%"
"05/29/2024","7.51","7.58","7.58","7.51","103.19K","-1.09%"
"05/28/2024","7.59","7.65","7.65","7.59","16.86K","-0.64%"
"05/27/2024","7.64","7.60","7.64","7.60","28.57K","0.39%"
"05/24/2024","7.61","7.57","7.63","7.56","35.08K","-0.18%"
"05/23/2024","7.63","7.65","7.66","7.62","28.40K","0.00%"
"05/22/2024","7.62","7.64","7.64","7.61","91.90K","-0.44%"
"05/21/2024","7.66","7.64","7.66","7.63","56.58K","-0.16%"
"05/20/2024","7.67","7.66","7.67","7.66","16.59K","0.33%"
"05/17/2024","7.64","7.66","7.66","7.63","27.71K","-0.25%"
"05/16/2024","7.66","7.68","7.68","7.66","26.47K","0.00%"
"05/15/2024","7.66","7.65","7.67","7.63","65.38K","0.54%"
"05/14/2024","7.62","7.61","7.63","7.59","32.56K","0.25%"
"05/13/2024","7.60","7.61","7.62","7.59","32.92K","0.11%"
"05/10/2024","7.59","7.58","7.61","7.58","137.62K","0.70%"
"05/09/2024","7.54","7.51","7.55","7.50","13.09K","0.41%"
"05/08/2024","7.51","7.50","7.51","7.48","19.99K","0.47%"
"05/07/2024","7.48","7.44","7.48","7.42","94.12K","1.03%"
"05/06/2024","7.40","7.35","7.40","7.35","11.36K","0.64%"
"05/03/2024","7.35","7.33","7.37","7.33","76.10K","0.64%"
"05/02/2024","7.31","7.34","7.34","7.29","96.03K","-0.16%"
"04/30/2024","7.32","7.37","7.37","7.32","13.18K","-0.52%"
"04/29/2024","7.36","7.38","7.38","7.36","2.63M","0.00%"
"04/26/2024","7.35","7.32","7.35","7.30","19.38K","1.35%"
"04/25/2024","7.26","7.32","7.32","7.22","13.21K","-0.63%"
"04/24/2024","7.30","7.34","7.35","7.29","29.67K","-0.37%"
"04/23/2024","7.33","7.30","7.33","7.28","5.82K","1.08%"
"04/22/2024","7.25","7.25","7.25","7.22","36.46K","0.85%"
"04/19/2024","7.19","7.16","7.20","7.14","58.13K","-0.15%"
"04/18/2024","7.20","7.19","7.20","7.17","78.00K","0.52%"
"04/17/2024","7.16","7.18","7.22","7.16","130.50K","0.00%"
"04/16/2024","7.17","7.20","7.20","7.15","115.35K","-1.48%"
"04/15/2024","7.28","7.30","7.32","7.26","52.47K","0.14%"
"04/12/2024","7.26","7.32","7.33","7.24","15.67K","0.15%"
"04/11/2024","7.25","7.28","7.29","7.22","42.61K","-0.33%"
"04/10/2024","7.28","7.31","7.32","7.23","33.52K","0.17%"
"04/09/2024","7.27","7.30","7.31","7.25","272.53K","-0.55%"
"04/08/2024","7.31","7.27","7.31","7.26","31.50K","0.41%"
"04/05/2024","7.28","7.26","7.28","7.24","116.64K","-0.86%"
"04/04/2024","7.34","7.33","7.35","7.32","32.47K","0.12%"
"04/03/2024","7.33","7.31","7.33","7.29","46.08K","0.38%"
"04/02/2024","7.30","7.41","7.41","7.30","167.93K","-0.99%"
"03/28/2024","7.38","7.37","7.40","7.36","23.50K","0.31%"
"03/27/2024","7.35","7.36","7.36","7.34","173.08K","0.11%"
"03/26/2024","7.34","7.33","7.36","7.31","347.48K","0.11%"
"03/25/2024","7.34","7.33","7.34","7.30","41.49K","0.08%"
"03/22/2024","7.33","7.32","7.34","7.31","69.87K","0.00%"
"03/21/2024","7.33","7.32","7.33","7.29","207.68K","0.89%"
"03/20/2024","7.26","7.25","7.27","7.24","52.20K","0.00%"
"03/19/2024","7.26","7.24","7.26","7.23","22.36K","0.12%"
"03/18/2024","7.25","7.28","7.28","7.24","109.65K","-0.21%"
"03/15/2024","7.27","7.30","7.33","7.27","140.94K","-0.42%"
"03/14/2024","7.30","7.32","7.34","7.28","167.60K","-0.14%"
"03/13/2024","7.31","7.29","7.32","7.29","16.75K","0.26%"
"03/12/2024","7.29","7.27","7.30","7.22","154.47K","0.93%"
"03/11/2024","7.22","7.22","7.23","7.20","351.58K","-0.23%"
"03/08/2024","7.24","7.24","7.26","7.24","289.21K","0.00%"
"03/07/2024","7.24","7.14","7.25","7.14","60.53K","1.30%"
"03/06/2024","7.15","7.11","7.15","7.11","360.58K","0.49%"
"03/05/2024","7.11","7.12","7.13","7.11","44.87K","-0.31%"
"03/04/2024","7.14","7.16","7.16","7.11","37.47K","0.00%"
"03/01/2024","7.14","7.13","7.14","7.10","38.43K","0.61%"
"02/29/2024","7.09","7.13","7.13","7.09","183.84K","-0.07%"
"02/28/2024","7.10","7.13","7.13","7.10","15.96K","-0.43%"
"02/27/2024","7.13","7.12","7.13","7.10","76.25K","0.28%"
"02/26/2024","7.11","7.12","7.13","7.11","23.05K","-0.36%"
"02/23/2024","7.14","7.12","7.14","7.10","477.96K","0.32%"
"02/22/2024","7.11","7.12","7.12","7.09","27.20K","1.01%"
"02/21/2024","7.04","7.05","7.05","7.03","77.16K","-0.13%"
"02/20/2024","7.05","7.04","7.06","7.04","19.11K","-0.09%"
"02/19/2024","7.06","7.03","7.06","7.03","25.08K","0.17%"
"02/16/2024","7.05","7.03","7.05","7.02","34.73K","0.69%"
"02/15/2024","7.00","7.00","7.00","6.97","48.39K","0.62%"
"02/14/2024","6.95","6.92","6.95","6.92","85.92K","0.58%"
"02/13/2024","6.91","6.98","6.98","6.90","41.40K","-0.97%"
"02/12/2024","6.98","6.97","6.98","6.96","54.57K","0.49%"
"02/09/2024","6.95","6.96","6.96","6.93","65.58K","-0.07%"
"02/08/2024","6.95","6.97","6.98","6.95","35.20K","-0.23%"
"02/07/2024","6.97","7.00","7.00","6.97","122.37K","-0.43%"
"02/06/2024","7.00","6.99","7.00","6.95","18.22K","0.57%"
"02/05/2024","6.96","6.97","6.98","6.95","54.02K","0.00%"
"02/02/2024","6.96","7.00","7.00","6.95","45.02K","0.00%"
"02/01/2024","6.96","6.96","6.98","6.94","78.77K","-0.34%"
"01/31/2024","6.98","7.01","7.01","6.98","150.38K","0.00%"
"01/30/2024","6.98","6.98","7.00","6.97","4.11M","0.10%"
"01/29/2024","6.97","6.96","6.97","6.96","82.48K","0.19%"
"01/26/2024","6.96","6.91","6.97","6.91","34.33K","1.13%"
"01/25/2024","6.88","6.85","6.88","6.83","40.82K","0.26%"
"01/24/2024","6.86","6.84","6.86","6.83","58.31K","1.36%"
"01/23/2024","6.77","6.82","6.82","6.77","3.74M","-0.59%"
"01/22/2024","6.81","6.81","6.82","6.78","72.90K","0.90%"
"01/19/2024","6.75","6.80","6.80","6.74","206.71K","-0.22%"
"01/18/2024","6.77","6.74","6.77","6.73","54.37K","0.49%"
"01/17/2024","6.73","6.73","6.73","6.70","25.04K","-1.07%"
"01/16/2024","6.81","6.77","6.81","6.77","102.40K","-0.25%"
"01/15/2024","6.82","6.86","6.86","6.81","187.18K","-0.45%"
"01/12/2024","6.86","6.84","6.87","6.83","35.85K","0.84%"
"01/11/2024","6.80","6.89","6.90","6.80","75.18K","-0.85%"
"01/10/2024","6.86","6.84","6.86","6.84","130.60K","0.00%"
"01/09/2024","6.86","6.88","6.88","6.83","243.59K","-0.25%"
"01/08/2024","6.87","6.85","6.87","6.80","179.71K","0.26%"
"01/05/2024","6.85","6.82","6.86","6.79","210.46K","-0.17%"
"01/04/2024","6.87","6.84","6.87","6.82","355.50K","0.66%"
"01/03/2024","6.82","6.88","6.89","6.80","541.07K","-0.90%"
"01/02/2024","6.88","6.95","6.95","6.85","107.75K","-0.32%"
"12/29/2023","6.91","6.89","6.91","6.89","60.02K","0.33%"
"12/28/2023","6.88","6.91","6.91","6.88","31.12K","-0.26%"
"12/27/2023","6.90","6.91","6.91","6.87","51.45K","0.19%"
"12/22/2023","6.89","6.86","6.89","6.86","21.02K","0.20%"
"12/21/2023","6.87","6.85","6.87","6.84","71.84K","0.00%"
"12/20/2023","6.88","6.89","6.89","6.86","104.92K","0.00%"
"12/19/2023","6.87","6.86","6.87","6.85","59.56K","0.47%"
"12/18/2023","6.84","6.84","6.86","6.83","59.59K","-0.39%"
"12/15/2023","6.87","6.88","6.89","6.85","30.66K","0.09%"
"12/14/2023","6.86","6.89","6.91","6.83","167.52K","0.91%"
"12/13/2023","6.80","6.80","6.83","6.80","144.22K","0.00%"
"12/12/2023","6.80","6.80","6.83","6.80","134.61K","0.00%"
"12/11/2023","6.80","6.79","6.81","6.78","60.94K","0.22%"
"12/08/2023","6.79","6.74","6.80","6.74","65.95K","0.83%"
"12/07/2023","6.73","6.74","6.75","6.73","61.53K","-0.31%"
"12/06/2023","6.75","6.73","6.77","6.73","205.09K","0.51%"
"12/05/2023","6.72","6.69","6.72","6.68","50.59K","0.43%"
"12/04/2023","6.69","6.69","6.70","6.68","11.20K","-0.07%"
"12/01/2023","6.70","6.64","6.70","6.64","212.11K","1.12%"
"11/30/2023","6.62","6.60","6.63","6.60","36.92K","0.59%"
"11/29/2023","6.58","6.55","6.59","6.55","30.51K","0.47%"
"11/28/2023","6.55","6.55","6.55","6.53","13.94K","-0.32%"
"11/27/2023","6.57","6.60","6.60","6.57","65.09K","-0.33%"
"11/24/2023","6.59","6.57","6.60","6.57","103.13K","0.30%"
"11/23/2023","6.57","6.56","6.58","6.55","82.01K","0.31%"
"11/22/2023","6.55","6.55","6.56","6.55","14.24K","0.32%"
"11/21/2023","6.53","6.54","6.54","6.52","28.07K","0.00%"
"11/20/2023","6.54","6.53","6.54","6.52","24.83K","0.26%"
"11/17/2023","6.52","6.49","6.54","6.49","41.41K","0.94%"
"11/16/2023","6.46","6.49","6.49","6.46","47.94K","-0.54%"
"11/15/2023","6.49","6.50","6.52","6.49","119.31K","0.28%"
"11/14/2023","6.47","6.40","6.48","6.40","345.19K","1.11%"
"11/13/2023","6.40","6.38","6.40","6.38","77.98K","0.88%"
"11/10/2023","6.35","6.38","6.38","6.34","13.91K","-1.08%"
"11/09/2023","6.42","6.37","6.43","6.36","88.41K","0.86%"
"11/08/2023","6.36","6.32","6.39","6.32","74.17K","0.19%"
"11/07/2023","6.35","6.35","6.36","6.34","36.37K","-0.11%"
"11/06/2023","6.36","6.38","6.38","6.35","405.52K","-0.16%"
"11/03/2023","6.37","6.37","6.38","6.36","55.81K","0.16%"
"11/02/2023","6.36","6.30","6.37","6.30","45.94K","1.47%"
"11/01/2023","6.26","6.25","6.27","6.21","1.29M","0.79%"
"10/31/2023","6.22","6.18","6.23","6.18","168.19K","0.58%"
"10/30/2023","6.18","6.18","6.20","6.17","67.24K","0.49%"
"10/27/2023","6.15","6.19","6.21","6.15","24.88K","-0.82%"
"10/26/2023","6.20","6.17","6.22","6.17","212.31K","-0.47%"
"10/25/2023","6.23","6.22","6.24","6.20","64.24K","0.00%"
"10/24/2023","6.23","6.20","6.23","6.18","44.20K","0.40%"
"10/23/2023","6.20","6.21","6.21","6.15","185.66K","-0.10%"
"10/20/2023","6.21","6.23","6.25","6.21","191.67K","-1.26%"
"10/19/2023","6.29","6.32","6.33","6.28","68.99K","-1.09%"
"10/18/2023","6.36","6.41","6.41","6.35","598.17K","-1.15%"
"10/17/2023","6.43","6.43","6.46","6.39","166.86K","-0.29%"
"10/16/2023","6.45","6.45","6.46","6.41","50.15K","0.25%"
"10/13/2023","6.43","6.48","6.48","6.43","24.15K","-0.88%"
"10/12/2023","6.49","6.51","6.54","6.49","49.76K","0.15%"
"10/11/2023","6.48","6.46","6.50","6.46","67.37K","0.00%"
"10/10/2023","6.48","6.42","6.48","6.42","65.57K","1.92%"
"10/09/2023","6.35","6.37","6.39","6.34","13.98K","-0.47%"
"10/06/2023","6.38","6.34","6.38","6.33","112.01K","0.95%"
"10/05/2023","6.32","6.32","6.34","6.30","56.32K","0.38%"
"10/04/2023","6.30","6.26","6.34","6.26","67.70K","0.00%"
"10/03/2023","6.30","6.36","6.38","6.30","87.46K","-1.19%"
"10/02/2023","6.37","6.46","6.47","6.35","256.94K","-1.10%"
"09/29/2023","6.45","6.45","6.49","6.44","325.09K","0.59%"
"09/28/2023","6.41","6.39","6.41","6.36","11.62K","0.41%"
"09/27/2023","6.38","6.39","6.42","6.38","67.22K","-0.20%"
"09/26/2023","6.39","6.41","6.42","6.39","46.93K","-0.67%"
"09/25/2023","6.44","6.46","6.48","6.41","149.81K","-0.57%"
"09/22/2023","6.47","6.47","6.50","6.47","43.36K","-0.43%"
"09/21/2023","6.50","6.54","6.54","6.50","18.02K","-1.29%"
"09/20/2023","6.59","6.55","6.59","6.54","16.78K","1.04%"
"09/19/2023","6.52","6.51","6.54","6.50","42.47K","-0.08%"
"09/18/2023","6.52","6.59","6.59","6.51","30.20K","-1.17%"
"09/15/2023","6.60","6.65","6.65","6.60","36.37K","0.32%"
"09/14/2023","6.58","6.49","6.59","6.48","29.71K","1.43%"
"09/13/2023","6.49","6.49","6.50","6.44","54.48K","-0.31%"
"09/12/2023","6.51","6.53","6.53","6.50","26.21K","-0.25%"
"09/11/2023","6.52","6.54","6.55","6.51","23.98K","0.38%"
"09/08/2023","6.50","6.50","6.50","6.44","36.38K","0.20%"
"09/07/2023","6.49","6.47","6.51","6.46","19.81K","-0.09%"
"09/06/2023","6.49","6.49","6.51","6.46","25.70K","-0.55%"
"09/05/2023","6.53","6.51","6.55","6.48","43.13K","-0.21%"
"09/04/2023","6.54","6.58","6.60","6.54","46.10K","-0.15%"
"09/01/2023","6.55","6.55","6.58","6.54","201.47K","0.12%"
"08/31/2023","6.54","6.57","6.59","6.54","78.61K","-0.43%"
"08/30/2023","6.57","6.58","6.59","6.55","6.74K","-0.15%"
"08/29/2023","6.58","6.55","6.58","6.55","94.89K","0.81%"
"08/28/2023","6.53","6.52","6.53","6.49","180.69K","1.08%"
"08/25/2023","6.46","6.45","6.49","6.45","43.29K","0.00%"
"08/24/2023","6.46","6.55","6.55","6.46","159.44K","-0.37%"
"08/23/2023","6.48","6.47","6.50","6.46","85.46K","0.40%"
"08/22/2023","6.46","6.45","6.49","6.45","39.01K","0.69%"
"08/21/2023","6.41","6.43","6.46","6.41","48.58K","0.00%"
"08/18/2023","6.41","6.41","6.42","6.37","27.16K","-0.60%"
"08/17/2023","6.45","6.47","6.50","6.45","181.93K","-0.75%"
"08/16/2023","6.50","6.50","6.52","6.49","53.06K","-0.09%"
"08/15/2023","6.51","6.57","6.57","6.48","43.30K","-0.91%"
"08/14/2023","6.57","6.54","6.57","6.53","21.57K","0.23%"
"08/11/2023","6.55","6.59","6.60","6.55","35.31K","-1.12%"
"08/10/2023","6.62","6.59","6.62","6.59","8.13K","0.91%"
"08/09/2023","6.56","6.60","6.60","6.56","46.11K","0.44%"
"08/08/2023","6.53","6.51","6.55","6.50","43.50K","-0.14%"
"08/07/2023","6.54","6.53","6.55","6.50","43.77K","0.11%"
"08/04/2023","6.54","6.51","6.54","6.49","64.41K","0.32%"
"08/03/2023","6.52","6.51","6.52","6.49","42.18K","-0.58%"
"08/02/2023","6.55","6.56","6.60","6.54","227.02K","-1.30%"
"08/01/2023","6.64","6.71","6.71","6.64","78.90K","-1.06%"
"07/31/2023","6.71","6.70","6.72","6.69","41.91K","0.07%"
"07/28/2023","6.71","6.70","6.72","6.69","65.67K","-0.25%"
"07/27/2023","6.72","6.66","6.73","6.66","205.12K","1.42%"
"07/26/2023","6.63","6.66","6.67","6.60","21.15K","-0.66%"
"07/25/2023","6.67","6.64","6.67","6.63","17.24K","0.54%"
"07/24/2023","6.64","6.62","6.65","6.61","25.60K","0.00%"
"07/21/2023","6.64","6.61","6.64","6.61","55.50K","0.36%"
"07/20/2023","6.61","6.59","6.62","6.57","31.90K","0.43%"
"07/19/2023","6.59","6.60","6.60","6.59","20.36K","0.20%"
"07/18/2023","6.57","6.53","6.57","6.53","40.65K","0.61%"
"07/17/2023","6.53","6.54","6.56","6.52","71.10K","-0.55%"
"07/14/2023","6.57","6.57","6.59","6.56","96.72K","0.00%"
"07/13/2023","6.57","6.54","6.59","6.54","25.93K","0.61%"
"07/12/2023","6.53","6.45","6.53","6.45","22.46K","1.54%"
"07/11/2023","6.43","6.41","6.44","6.39","28.79K","0.72%"
"07/10/2023","6.39","6.35","6.40","6.35","22.91K","0.13%"
"07/07/2023","6.38","6.37","6.39","6.35","175.78K","0.00%"
"07/06/2023","6.38","6.49","6.49","6.38","196.17K","-2.33%"
"07/05/2023","6.53","6.54","6.55","6.52","1.31M","-0.74%"
"07/04/2023","6.58","6.58","6.59","6.57","29.62K","0.18%"
"07/03/2023","6.57","6.60","6.60","6.57","228.10K","-0.24%"
"06/30/2023","6.58","6.53","6.59","6.52","41.47K","1.23%"
"06/29/2023","6.50","6.50","6.52","6.49","99.18K","0.00%"
"06/28/2023","6.50","6.50","6.50","6.48","57.15K","0.54%"
"06/27/2023","6.47","6.47","6.47","6.42","109.93K","0.22%"
"06/26/2023","6.45","6.45","6.46","6.42","333.41K","0.00%"
"06/23/2023","6.45","6.48","6.48","6.44","57.24K","-0.28%"
"06/22/2023","6.47","6.45","6.47","6.41","36.65K","-0.48%"
"06/21/2023","6.50","6.52","6.54","6.50","27.10K","-0.57%"
"06/20/2023","6.54","6.55","6.57","6.54","23.82K","-0.59%"
"06/19/2023","6.58","6.63","6.63","6.57","214.59K","-1.11%"
"06/16/2023","6.65","6.62","6.67","6.62","312.05K","0.53%"
"06/15/2023","6.62","6.61","6.62","6.58","34.61K","-0.24%"
"06/14/2023","6.63","6.61","6.65","6.60","32.19K","0.30%"
"06/13/2023","6.61","6.60","6.62","6.57","33.75K","0.62%"
"06/12/2023","6.57","6.60","6.61","6.57","19.86K","0.00%"
"06/09/2023","6.57","6.59","6.60","6.55","90.34K","-0.12%"
"06/08/2023","6.58","6.57","6.59","6.57","35.73K","0.00%"
"06/07/2023","6.59","6.59","6.61","6.58","71.58K","-0.24%"
"06/06/2023","6.60","6.57","6.61","6.56","827.30K","0.49%"
"06/05/2023","6.57","6.60","6.61","6.57","130.54K","-0.45%"
"06/02/2023","6.60","6.54","6.60","6.53","108.71K","1.29%"
"06/01/2023","6.51","6.51","6.53","6.47","563.86K","0.70%"
"05/31/2023","6.47","6.49","6.53","6.46","114.80K","-0.95%"
"05/30/2023","6.53","6.58","6.60","6.53","32.29K","-0.82%"
"05/29/2023","6.59","6.61","6.63","6.57","37.57K","0.00%"
"05/26/2023","6.59","6.55","6.60","6.51","102.38K","1.09%"
"05/25/2023","6.52","6.53","6.55","6.51","320.41K","-0.20%"
"05/24/2023","6.53","6.58","6.60","6.51","287.03K","-1.77%"
"05/23/2023","6.65","6.66","6.68","6.65","31.60K","-0.45%"
"05/22/2023","6.68","6.69","6.70","6.68","94.45K","-0.09%"
"05/19/2023","6.69","6.66","6.71","6.66","72.29K","0.59%"
"05/18/2023","6.65","6.64","6.67","6.64","19.83K","0.65%"
"05/17/2023","6.60","6.60","6.62","6.59","144.81K","-0.20%"
"05/16/2023","6.62","6.62","6.65","6.61","91.78K","-0.53%"
"05/15/2023","6.65","6.66","6.66","6.63","31.68K","0.32%"
"05/12/2023","6.63","6.63","6.65","6.62","277.16K","0.36%"
"05/11/2023","6.61","6.64","6.64","6.59","32.67K","0.24%"
"05/10/2023","6.59","6.63","6.63","6.59","332.47K","-0.39%"
"05/09/2023","6.62","6.64","6.64","6.59","208.37K","-0.42%"
"05/08/2023","6.64","6.61","6.65","6.61","25.11K","0.48%"
"05/05/2023","6.61","6.56","6.61","6.55","23.70K","1.16%"
"05/04/2023","6.54","6.53","6.55","6.49","114.67K","-0.38%"
"05/03/2023","6.56","6.57","6.57","6.55","62.34K","0.37%"
"05/02/2023","6.54","6.61","6.63","6.53","61.97K","-0.88%"
"04/28/2023","6.60","6.59","6.60","6.53","82.87K","0.52%"
"04/27/2023","6.56","6.53","6.57","6.53","46.19K","0.38%"
"04/26/2023","6.54","6.57","6.57","6.52","56.34K","-0.89%"
"04/25/2023","6.60","6.59","6.60","6.57","64.95K","-0.23%"
"04/24/2023","6.61","6.61","6.62","6.60","25.86K","0.00%"
"04/21/2023","6.61","6.59","6.61","6.57","50.38K","0.46%"
"04/20/2023","6.58","6.59","6.59","6.56","21.19K","0.00%"
"04/19/2023","6.58","6.59","6.59","6.56","47.61K","-0.11%"
"04/18/2023","6.59","6.59","6.61","6.58","165.49K","0.29%"
"04/17/2023","6.57","6.60","6.60","6.57","53.97K","0.00%"
"04/14/2023","6.57","6.55","6.58","6.55","327.72K","0.44%"
"04/13/2023","6.54","6.52","6.54","6.52","19.11K","0.62%"
"04/12/2023","6.50","6.50","6.53","6.49","54.15K","0.09%"
"04/11/2023","6.50","6.49","6.53","6.47","120.70K","0.51%"
"04/06/2023","6.46","6.43","6.47","6.43","38.07K","0.58%"
"04/05/2023","6.43","6.43","6.43","6.41","22.75K","0.00%"
"04/04/2023","6.43","6.47","6.48","6.43","37.82K","-0.09%"
"04/03/2023","6.43","6.45","6.45","6.42","55.34K","0.00%"
"03/31/2023","6.44","6.41","6.45","6.39","262.52K","0.70%"
"03/30/2023","6.39","6.36","6.40","6.36","81.41K","1.14%"
"03/29/2023","6.32","6.27","6.32","6.26","691.18K","1.41%"
"03/28/2023","6.23","6.28","6.28","6.22","68.42K","-0.10%"
"03/27/2023","6.24","6.26","6.26","6.21","27.77K","1.02%"
"03/24/2023","6.17","6.22","6.23","6.15","417.70K","-1.36%"
"03/23/2023","6.26","6.23","6.27","6.21","23.33K","0.00%"
"03/22/2023","6.26","6.25","6.29","6.25","25.03K","0.10%"
"03/21/2023","6.26","6.23","6.28","6.21","78.64K","1.28%"
"03/20/2023","6.18","6.09","6.20","6.00","330.38K","0.90%"
"03/17/2023","6.12","6.23","6.26","6.09","835.81K","-1.05%"
"03/16/2023","6.19","6.18","6.20","6.11","76.43K","1.39%"
"03/15/2023","6.10","6.25","6.25","6.08","130.82K","-2.60%"
"03/14/2023","6.27","6.19","6.28","6.18","81.85K","1.61%"
"03/13/2023","6.17","6.29","6.29","6.15","133.01K","-2.33%"
"03/10/2023","6.31","6.32","6.34","6.29","149.20K","-1.41%"
"03/09/2023","6.40","6.41","6.42","6.38","68.59K","-0.25%"
"03/08/2023","6.42","6.39","6.42","6.39","73.45K","0.11%"
"03/07/2023","6.41","6.46","6.48","6.41","29.70K","-0.77%"
"03/06/2023","6.46","6.48","6.48","6.45","234.77K","0.00%"
"03/03/2023","6.46","6.44","6.46","6.43","35.37K","0.75%"
"03/02/2023","6.41","6.35","6.41","6.34","21.91K","0.49%"
"03/01/2023","6.38","6.44","6.45","6.36","285.71K","-0.78%"
"02/28/2023","6.43","6.43","6.46","6.41","522.42K","-0.29%"
"02/27/2023","6.45","6.43","6.47","6.42","151.70K","1.21%"
"02/24/2023","6.37","6.47","6.48","6.37","150.25K","-1.22%"
"02/23/2023","6.45","6.46","6.48","6.44","174.40K","0.00%"
"02/22/2023","6.45","6.45","6.46","6.41","74.13K","-0.23%"
"02/21/2023","6.47","6.47","6.48","6.44","29.75K","-0.28%"
"02/20/2023","6.49","6.50","6.50","6.47","476.77K","0.11%"
"02/17/2023","6.48","6.43","6.48","6.41","17.00K","-0.15%"
"02/16/2023","6.49","6.52","6.53","6.45","39.76K","0.00%"
"02/15/2023","6.49","6.44","6.49","6.44","64.24K","0.54%"
"02/14/2023","6.45","6.46","6.49","6.45","26.56K","0.00%"
"02/13/2023","6.45","6.40","6.45","6.40","22.21K","0.91%"
"02/10/2023","6.39","6.42","6.43","6.36","46.86K","-0.96%"
"02/09/2023","6.46","6.47","6.49","6.46","18.14K","0.69%"
"02/08/2023","6.41","6.46","6.46","6.41","26.46K","0.17%"
"02/07/2023","6.40","6.41","6.41","6.39","60.61K","0.09%"
"02/06/2023","6.40","6.41","6.41","6.37","21.09K","-0.73%"
"02/03/2023","6.44","6.39","6.44","6.38","36.15K","0.44%"
"02/02/2023","6.41","6.37","6.42","6.36","47.95K","1.21%"
"02/01/2023","6.34","6.36","6.37","6.34","63.99K","-0.08%"
"01/31/2023","6.34","6.35","6.36","6.30","114.02K","-0.17%"
"01/30/2023","6.35","6.34","6.36","6.31","202.81K","-0.22%"
"01/27/2023","6.37","6.36","6.37","6.34","41.37K","0.13%"
"01/26/2023","6.36","6.37","6.38","6.35","127.70K","0.39%"
"01/25/2023","6.34","6.34","6.35","6.29","344.52K","-0.19%"
"01/24/2023","6.35","6.37","6.38","6.33","351.65K","-0.09%"
"01/23/2023","6.35","6.33","6.36","6.32","243.36K","0.54%"
"01/20/2023","6.32","6.33","6.33","6.30","26.92K","0.19%"
"01/19/2023","6.31","6.37","6.37","6.30","59.87K","-1.31%"
"01/18/2023","6.39","6.40","6.42","6.39","375.14K","0.14%"
"01/17/2023","6.38","6.38","6.39","6.35","528.04K","0.22%"
"01/16/2023","6.37","6.35","6.37","6.33","557.84K","0.62%"
"01/13/2023","6.33","6.32","6.34","6.32","258.33K","0.44%"
"01/12/2023","6.30","6.29","6.33","6.27","201.97K","0.49%"
"01/11/2023","6.27","6.25","6.29","6.24","82.15K","0.42%"
"01/10/2023","6.24","6.24","6.25","6.22","544.04K","-0.51%"
"01/09/2023","6.28","6.24","6.29","6.24","23.52K","0.77%"
"01/06/2023","6.23","6.15","6.23","6.15","4.66K","1.07%"
"01/05/2023","6.16","6.15","6.18","6.14","10.51K","-0.21%"
"01/04/2023","6.18","6.10","6.18","6.10","4.57K","1.86%"
"01/03/2023","6.06","6.04","6.10","6.04","22.25K","0.45%"
"01/02/2023","6.03","5.99","6.03","5.96","51.25K","1.11%"
"12/30/2022","5.97","5.99","5.99","5.97","31.81K","-0.86%"
"12/29/2022","6.02","5.95","6.02","5.94","7.58K","0.75%"
"12/28/2022","5.98","6.00","6.01","5.98","13.31K","-0.17%"
"12/27/2022","5.99","6.03","6.03","5.99","53.31K","0.08%"
"12/23/2022","5.98","5.98","6.00","5.96","17.16K","0.17%"
"12/22/2022","5.97","6.03","6.05","5.96","193.21K","-0.93%"
"12/21/2022","6.03","5.96","6.03","5.95","22.72K","1.70%"
"12/20/2022","5.93","5.91","5.95","5.90","89.10K","-0.45%"
"12/19/2022","5.95","5.96","5.98","5.95","232.71K","0.00%"
"12/16/2022","5.95","6.02","6.02","5.93","130.43K","-1.06%"
"12/15/2022","6.01","6.15","6.15","6.01","111.42K","-3.05%"
"12/14/2022","6.20","6.17","6.20","6.16","696.08K","0.00%"
"12/13/2022","6.20","6.13","6.20","6.11","25.99K","1.42%"
"12/12/2022","6.11","6.11","6.12","6.09","20.58K","-0.62%"
"12/09/2022","6.15","6.11","6.15","6.09","35.94K","0.94%"
"12/08/2022","6.09","6.11","6.11","6.07","110.69K","-0.18%"
"12/07/2022","6.11","6.15","6.15","6.10","305.63K","-0.67%"
"12/06/2022","6.15","6.18","6.18","6.14","380.07K","-0.50%"
"12/05/2022","6.18","6.20","6.21","6.18","19.88K","-0.61%"
"12/02/2022","6.22","6.19","6.23","6.19","25.19K","-0.14%"
"12/01/2022","6.22","6.24","6.24","6.20","86.94K","1.04%"
"11/30/2022","6.16","6.16","6.17","6.14","22.43K","0.65%"
"11/29/2022","6.12","6.16","6.17","6.12","28.50K","-0.36%"
"11/28/2022","6.14","6.15","6.17","6.12","185.20K","-0.68%"
"11/25/2022","6.18","6.18","6.19","6.17","22.37K","0.00%"
"11/24/2022","6.18","6.16","6.19","6.16","10.31K","0.41%"
"11/23/2022","6.16","6.11","6.16","6.10","17.39K","0.67%"
"11/22/2022","6.12","6.10","6.12","6.09","59.41K","0.34%"
"11/21/2022","6.09","6.07","6.09","6.06","22.62K","0.16%"
"11/18/2022","6.09","6.04","6.09","6.03","86.66K","1.13%"
"11/17/2022","6.02","6.07","6.07","6.00","942.76K","-0.27%"
"11/16/2022","6.03","6.08","6.08","6.03","30.13K","-0.97%"
"11/15/2022","6.09","6.09","6.10","6.07","189.09K","0.28%"
"11/14/2022","6.07","6.08","6.09","6.07","41.15K","0.26%"
"11/11/2022","6.06","6.07","6.10","6.05","49.85K","0.10%"
"11/10/2022","6.05","5.85","6.06","5.85","268.11K","3.26%"
"11/09/2022","5.86","5.87","5.88","5.84","38.92K","-0.34%"
"11/08/2022","5.88","5.80","5.88","5.80","310.95K","1.05%"
"11/07/2022","5.82","5.77","5.84","5.77","480.76K","0.57%"
"11/04/2022","5.79","5.72","5.81","5.72","343.16K","1.74%"
"11/03/2022","5.69","5.69","5.69","5.63","183.27K","-1.18%"
"11/02/2022","5.76","5.78","5.79","5.75","225.39K","0.00%"
"11/01/2022","5.75","5.79","5.81","5.75","55.65K","0.33%"
"10/31/2022","5.73","5.73","5.74","5.71","6.65K","0.19%"
"10/28/2022","5.72","5.67","5.72","5.65","33.27K","0.00%"
"10/27/2022","5.72","5.71","5.73","5.68","49.42K","-0.16%"
"10/26/2022","5.73","5.70","5.74","5.67","118.89K","0.40%"
"10/25/2022","5.71","5.62","5.71","5.60","355.79K","1.98%"
"10/24/2022","5.60","5.58","5.62","5.54","42.32K","1.45%"
"10/21/2022","5.52","5.50","5.52","5.46","42.43K","-0.79%"
"10/20/2022","5.56","5.53","5.57","5.51","66.96K","0.18%"
"10/19/2022","5.55","5.59","5.61","5.55","207.44K","-0.56%"
"10/18/2022","5.58","5.60","5.64","5.58","743.57K","0.22%"
"10/17/2022","5.57","5.50","5.59","5.46","643.33K","1.94%"
"10/14/2022","5.47","5.53","5.55","5.47","154.38K","0.39%"
"10/13/2022","5.45","5.36","5.45","5.30","59.96K","1.00%"
"10/12/2022","5.39","5.41","5.45","5.38","320.52K","-0.77%"
"10/11/2022","5.43","5.42","5.44","5.39","326.39K","-0.55%"
"10/10/2022","5.46","5.45","5.50","5.45","33.59K","-0.33%"
"10/07/2022","5.48","5.54","5.56","5.48","89.29K","-1.37%"
"10/06/2022","5.56","5.63","5.64","5.55","73.54K","-0.68%"
"10/05/2022","5.59","5.63","5.64","5.57","40.06K","-1.13%"
"10/04/2022","5.66","5.53","5.66","5.53","70.49K","3.25%"
"10/03/2022","5.48","5.40","5.49","5.36","214.96K","0.66%"
"09/30/2022","5.45","5.41","5.46","5.39","95.31K","1.25%"
"09/29/2022","5.38","5.42","5.42","5.37","26.32K","-1.79%"
"09/28/2022","5.48","5.40","5.48","5.36","411.19K","0.51%"
"09/27/2022","5.45","5.51","5.52","5.45","59.56K","-0.47%"
"09/26/2022","5.47","5.47","5.51","5.44","22.23K","-0.44%"
"09/23/2022","5.50","5.62","5.62","5.47","36.30K","-2.08%"
"09/22/2022","5.61","5.64","5.69","5.61","36.01K","-1.96%"
"09/21/2022","5.73","5.65","5.73","5.65","14.36K","0.99%"
"09/20/2022","5.67","5.80","5.80","5.67","18.11K","-1.20%"
"09/19/2022","5.74","5.72","5.76","5.68","171.52K","-0.09%"
"09/16/2022","5.74","5.77","5.78","5.74","46.56K","-1.49%"
"09/15/2022","5.83","5.88","5.89","5.82","61.06K","-0.61%"
"09/14/2022","5.87","5.92","5.92","5.85","66.75K","-1.01%"
"09/13/2022","5.93","6.05","6.05","5.93","50.81K","-1.66%"
"09/12/2022","6.03","5.93","6.03","5.93","335.86K","1.72%"
"09/09/2022","5.93","5.86","5.94","5.86","45.39K","1.51%"
"09/08/2022","5.84","5.84","5.84","5.76","30.98K","0.53%"
"09/07/2022","5.81","5.79","5.82","5.78","248.68K","-0.48%"
"09/06/2022","5.84","5.84","5.86","5.81","85.42K","0.10%"
"09/05/2022","5.83","5.79","5.83","5.78","31.68K","-0.75%"
"09/02/2022","5.87","5.79","5.87","5.77","27.77K","1.80%"
"09/01/2022","5.77","5.82","5.82","5.75","318.70K","-1.52%"
"08/31/2022","5.86","5.95","5.96","5.86","17.44K","-1.10%"
"08/30/2022","5.92","5.98","6.02","5.92","57.91K","-0.54%"
"08/29/2022","5.95","5.96","5.97","5.92","70.12K","-1.10%"
"08/26/2022","6.02","6.15","6.16","6.02","61.16K","-1.73%"
"08/25/2022","6.13","6.15","6.16","6.11","79.72K","0.25%"
"08/24/2022","6.11","6.08","6.12","6.08","10.17K","0.20%"
"08/23/2022","6.10","6.12","6.13","6.09","20.15K","-0.65%"
"08/22/2022","6.14","6.18","6.19","6.13","27.08K","-0.95%"
"08/19/2022","6.20","6.21","6.24","6.20","26.54K","-0.72%"
"08/18/2022","6.24","6.20","6.25","6.20","94.50K","0.50%"
"08/17/2022","6.21","6.29","6.30","6.21","27.18K","-0.97%"
"08/16/2022","6.27","6.29","6.29","6.26","37.57K","0.00%"
"08/15/2022","6.28","6.27","6.28","6.26","23.00K","0.48%"
"08/12/2022","6.25","6.24","6.27","6.22","69.86K","0.29%"
"08/11/2022","6.23","6.26","6.28","6.23","47.13K","-0.10%"
"08/10/2022","6.24","6.15","6.24","6.15","21.99K","1.15%"
"08/09/2022","6.16","6.21","6.22","6.16","31.28K","-0.87%"
"08/08/2022","6.22","6.23","6.25","6.21","69.47K","0.73%"
"08/05/2022","6.17","6.24","6.24","6.17","384.52K","-0.93%"
"08/04/2022","6.23","6.22","6.26","6.22","5.58K","0.27%"
"08/03/2022","6.21","6.18","6.22","6.17","13.21K","0.40%"
"08/02/2022","6.19","6.19","6.20","6.15","71.40K","-0.45%"
"08/01/2022","6.22","6.22","6.25","6.21","19.77K","0.00%"
"07/29/2022","6.22","6.17","6.23","6.17","15.92K","1.35%"
"07/28/2022","6.14","6.10","6.14","6.09","65.63K","1.27%"
"07/27/2022","6.06","6.06","6.08","6.04","46.98K","0.36%"
"07/26/2022","6.04","6.04","6.05","6.03","13.39K","-0.13%"
"07/25/2022","6.04","6.02","6.05","6.01","10.36K","0.13%"
"07/22/2022","6.04","6.01","6.05","6.00","57.02K","0.22%"
"07/21/2022","6.02","5.97","6.02","5.97","23.32K","0.58%"
"07/20/2022","5.99","6.01","6.02","5.96","22.08K","-0.15%"
"07/19/2022","6.00","5.91","6.01","5.89","100.63K","1.27%"
"07/18/2022","5.92","5.89","5.94","5.89","16.37K","0.83%"
"07/15/2022","5.87","5.79","5.87","5.79","141.49K","1.79%"
"07/14/2022","5.77","5.84","5.85","5.77","101.01K","-1.45%"
"07/13/2022","5.86","5.89","5.89","5.81","351.09K","-0.85%"
"07/12/2022","5.91","5.86","5.91","5.85","326.12K","0.22%"
"07/11/2022","5.89","5.84","5.90","5.84","175.25K","-0.19%"
"07/08/2022","5.90","5.88","5.91","5.85","129.15K","0.34%"
"07/07/2022","5.88","5.84","5.89","5.82","254.13K","1.76%"
"07/06/2022","5.78","5.76","5.80","5.74","511.74K","1.74%"
"07/05/2022","5.68","5.81","5.81","5.68","507.03K","-1.51%"
"07/04/2022","5.77","5.79","5.80","5.77","109.42K","0.24%"
"07/01/2022","5.76","5.68","5.77","5.68","538.96K","0.24%"
"06/30/2022","5.74","5.74","5.74","5.70","19.84K","-1.54%"
"06/29/2022","5.83","5.81","5.84","5.78","19.51K","-0.43%"
"06/28/2022","5.86","5.89","5.90","5.86","202.61K","0.12%"
"06/27/2022","5.85","5.86","5.89","5.82","30.71K","0.34%"
"06/24/2022","5.83","5.69","5.83","5.69","204.31K","3.10%"
"06/23/2022","5.65","5.66","5.70","5.63","511.39K","-0.93%"
"06/22/2022","5.71","5.67","5.72","5.66","26.10K","-0.61%"
"06/21/2022","5.74","5.76","5.79","5.73","105.58K","0.33%"
"06/20/2022","5.72","5.70","5.72","5.66","76.08K","0.79%"
"06/17/2022","5.68","5.67","5.76","5.67","73.15K","0.18%"
"06/16/2022","5.67","5.78","5.79","5.67","87.32K","-2.34%"
"06/15/2022","5.80","5.77","5.82","5.74","186.16K","1.65%"
"06/14/2022","5.71","5.83","5.84","5.71","19.37K","-1.43%"
"06/13/2022","5.79","5.86","5.86","5.78","66.65K","-2.13%"
"06/10/2022","5.92","6.04","6.04","5.92","47.17K","-2.73%"
"06/09/2022","6.09","6.13","6.14","6.09","14.59K","-1.25%"
"06/08/2022","6.16","6.21","6.21","6.13","169.84K","-0.71%"
"06/07/2022","6.21","6.20","6.21","6.18","21.30K","-0.48%"
"06/06/2022","6.24","6.22","6.27","6.22","25.01K","1.02%"
"06/03/2022","6.17","6.23","6.23","6.17","125.17K","-0.31%"
"06/02/2022","6.19","6.19","6.20","6.18","23.59K","0.62%"
"06/01/2022","6.15","6.27","6.27","6.15","180.02K","-1.16%"
"05/31/2022","6.23","6.27","6.27","6.22","18.95K","-0.73%"
"05/30/2022","6.27","6.28","6.29","6.27","58.41K","0.55%"
"05/27/2022","6.24","6.18","6.24","6.15","24.59K","1.38%"
"05/26/2022","6.15","6.10","6.15","6.10","8.98K","1.08%"
"05/25/2022","6.09","6.11","6.11","6.06","54.22K","0.53%"
"05/24/2022","6.05","6.06","6.10","6.05","111.21K","-1.11%"
"05/23/2022","6.12","6.11","6.12","6.08","17.50K","1.46%"
"05/20/2022","6.03","6.04","6.09","6.03","23.61K","0.70%"
"05/19/2022","5.99","6.01","6.01","5.93","115.82K","-1.20%"
"05/18/2022","6.07","6.15","6.16","6.07","254.63K","-1.29%"
"05/17/2022","6.14","6.12","6.18","6.11","86.79K","1.29%"
"05/16/2022","6.07","6.06","6.07","6.01","30.05K","-0.08%"
"05/13/2022","6.07","5.98","6.07","5.97","78.51K","2.17%"
"05/12/2022","5.94","5.85","5.94","5.84","208.66K","-0.49%"
"05/11/2022","5.97","5.92","5.98","5.89","327.57K","1.63%"
"05/10/2022","5.88","5.89","5.95","5.87","188.56K","0.74%"
"05/09/2022","5.83","5.99","6.00","5.83","78.95K","-2.98%"
"05/06/2022","6.01","6.10","6.10","5.98","108.03K","-1.94%"
"05/05/2022","6.13","6.30","6.30","6.13","19.33K","-0.76%"
"05/04/2022","6.18","6.25","6.26","6.17","51.16K","-1.15%"
"05/03/2022","6.25","6.24","6.26","6.21","60.20K","0.79%"
"05/02/2022","6.20","6.25","6.32","6.18","121.48K","-1.62%"
"04/29/2022","6.30","6.31","6.35","6.29","1.09M","0.72%"
"04/28/2022","6.26","6.28","6.30","6.24","122.12K","0.64%"
"04/27/2022","6.22","6.18","6.24","6.14","47.96K","0.75%"
"04/26/2022","6.17","6.28","6.29","6.17","84.13K","-0.93%"
"04/25/2022","6.23","6.24","6.26","6.20","45.17K","-1.44%"
"04/22/2022","6.32","6.37","6.39","6.32","55.33K","-1.83%"
"04/21/2022","6.44","6.42","6.48","6.40","53.73K","0.30%"
"04/20/2022","6.42","6.37","6.43","6.37","413.56K","1.10%"
"04/19/2022","6.35","6.37","6.37","6.31","150.14K","-0.83%"
"04/14/2022","6.40","6.37","6.40","6.35","28.17K","0.66%"
"04/13/2022","6.36","6.35","6.36","6.33","37.19K","0.00%"
"04/12/2022","6.36","6.31","6.37","6.29","46.78K","-0.52%"
"04/11/2022","6.39","6.40","6.41","6.37","33.12K","-0.42%"
"04/08/2022","6.42","6.41","6.42","6.38","99.73K","1.28%"
"04/07/2022","6.34","6.36","6.40","6.33","23.73K","0.00%"
"04/06/2022","6.34","6.43","6.44","6.30","103.06K","-1.69%"
"04/05/2022","6.44","6.44","6.45","6.41","61.34K","0.25%"
"04/04/2022","6.43","6.42","6.43","6.37","274.94K","0.74%"
"04/01/2022","6.38","6.36","6.40","6.35","203.13K","0.47%"
"03/31/2022","6.35","6.42","6.43","6.35","101.27K","-0.84%"
"03/30/2022","6.41","6.40","6.41","6.38","183.33K","-0.48%"
"03/29/2022","6.44","6.38","6.46","6.37","37.44K","1.75%"
"03/28/2022","6.32","6.34","6.38","6.32","47.06K","0.29%"
"03/25/2022","6.31","6.32","6.34","6.29","127.76K","0.08%"
"03/24/2022","6.30","6.34","6.34","6.29","35.23K","-0.14%"
"03/23/2022","6.31","6.39","6.39","6.31","69.33K","-1.22%"
"03/22/2022","6.39","6.34","6.39","6.34","70.22K","1.06%"
"03/21/2022","6.32","6.34","6.35","6.32","88.31K","-0.28%"
"03/18/2022","6.34","6.28","6.34","6.24","65.96K","1.07%"
"03/17/2022","6.27","6.29","6.30","6.23","425.72K","0.45%"
"03/16/2022","6.24","6.18","6.26","6.17","120.94K","2.97%"
"03/15/2022","6.07","5.99","6.07","5.96","111.99K","0.00%"
"03/14/2022","6.07","6.03","6.11","6.02","87.30K","1.18%"
"03/11/2022","5.99","5.97","6.07","5.92","241.51K","1.05%"
"03/10/2022","5.93","6.03","6.03","5.93","147.88K","-2.32%"
"03/09/2022","6.07","5.89","6.07","5.88","95.79K","5.27%"
"03/08/2022","5.77","5.75","5.87","5.74","250.37K","-0.19%"
"03/07/2022","5.78","5.74","5.87","5.65","209.05K","-1.26%"
"03/04/2022","5.85","6.03","6.04","5.85","304.65K","-3.59%"
"03/03/2022","6.07","6.20","6.22","6.06","326.23K","-1.59%"
"03/02/2022","6.17","6.11","6.21","6.09","153.21K","0.69%"
"03/01/2022","6.13","6.28","6.29","6.13","76.67K","-2.31%"
"02/28/2022","6.27","6.20","6.27","6.17","172.84K","-0.30%"
"02/25/2022","6.29","6.17","6.29","6.14","423.24K","3.28%"
"02/24/2022","6.09","6.07","6.18","6.04","264.91K","-3.47%"
"02/23/2022","6.31","6.35","6.39","6.30","14.25K","0.00%"
"02/22/2022","6.32","6.21","6.36","6.19","385.17K","-0.17%"
"02/21/2022","6.33","6.45","6.45","6.30","120.45K","-1.33%"
"02/18/2022","6.41","6.47","6.49","6.40","49.37K","-0.74%"
"02/17/2022","6.46","6.51","6.52","6.44","325.17K","-0.63%"
"02/16/2022","6.50","6.51","6.53","6.48","79.60K","0.00%"
"02/15/2022","6.50","6.42","6.50","6.41","117.46K","1.36%"
"02/14/2022","6.41","6.42","6.42","6.35","72.09K","-1.70%"
"02/11/2022","6.53","6.52","6.56","6.50","122.21K","-0.72%"
"02/10/2022","6.57","6.61","6.62","6.54","40.44K","-0.23%"
"02/09/2022","6.59","6.53","6.60","6.52","43.58K","1.76%"
"02/08/2022","6.47","6.49","6.52","6.46","143.40K","0.00%"
"02/07/2022","6.47","6.48","6.48","6.41","78.61K","0.53%"
"02/04/2022","6.44","6.55","6.56","6.41","219.34K","-1.20%"
"02/03/2022","6.51","6.63","6.63","6.51","31.24K","-1.90%"
"02/02/2022","6.64","6.65","6.66","6.64","47.31K","0.38%"
"02/01/2022","6.62","6.60","6.62","6.59","190.37K","1.07%"
"01/31/2022","6.55","6.55","6.57","6.52","12.69K","0.75%"
"01/28/2022","6.50","6.54","6.55","6.42","365.21K","-1.11%"
"01/27/2022","6.57","6.43","6.58","6.43","124.04K","0.89%"
"01/26/2022","6.51","6.48","6.55","6.47","209.33K","1.61%"
"01/25/2022","6.41","6.42","6.44","6.37","367.02K","0.80%"
"01/24/2022","6.36","6.58","6.59","6.35","113.04K","-3.86%"
"01/21/2022","6.61","6.63","6.65","6.57","76.44K","-1.68%"
"01/20/2022","6.73","6.70","6.73","6.67","79.88K","0.55%"
"01/19/2022","6.69","6.65","6.74","6.64","133.96K","0.00%"
"01/18/2022","6.68","6.70","6.71","6.65","53.09K","-0.83%"
"01/17/2022","6.74","6.71","6.75","6.70","29.44K","0.72%"
"01/14/2022","6.69","6.70","6.73","6.69","127.24K","-1.11%"
"01/13/2022","6.77","6.74","6.78","6.74","112.54K","0.00%"
"01/12/2022","6.77","6.75","6.78","6.73","575.66K","0.68%"
"01/11/2022","6.72","6.73","6.74","6.70","244.24K","0.87%"
"01/10/2022","6.66","6.79","6.79","6.66","243.88K","-1.64%"
"01/07/2022","6.78","6.78","6.80","6.74","307.09K","-0.09%"
"01/06/2022","6.78","6.80","6.80","6.77","37.12K","-1.41%"
"01/05/2022","6.88","6.88","6.89","6.87","44.49K","0.00%"
"01/04/2022","6.88","6.86","6.92","6.85","561.47K","0.76%"
"01/03/2022","6.82","6.83","6.85","6.81","229.65K","0.23%"
"12/30/2021","6.81","6.79","6.81","6.79","127.92K","0.29%"
"12/29/2021","6.79","6.80","6.82","6.77","51.37K","-0.24%"
"12/28/2021","6.80","6.77","6.82","6.76","78.57K","0.58%"
"12/27/2021","6.77","6.68","6.77","6.68","21.35K","0.65%"
"12/23/2021","6.72","6.68","6.73","6.66","7.99K","0.89%"
"12/22/2021","6.66","6.61","6.66","6.60","70.86K","0.79%"
"12/21/2021","6.61","6.56","6.61","6.56","49.00K","1.79%"
"12/20/2021","6.49","6.45","6.51","6.44","141.16K","-1.56%"
"12/17/2021","6.60","6.61","6.62","6.57","136.41K","-0.53%"
"12/16/2021","6.63","6.64","6.66","6.63","63.25K","1.22%"
"12/15/2021","6.55","6.55","6.57","6.54","34.75K","0.35%"
"12/14/2021","6.53","6.61","6.63","6.53","129.43K","-0.77%"
"12/13/2021","6.58","6.62","6.66","6.57","527.73K","-0.38%"
"12/10/2021","6.61","6.60","6.69","6.60","94.39K","-0.30%"
"12/09/2021","6.63","6.65","6.66","6.61","360.41K","-0.08%"
"12/08/2021","6.63","6.67","6.70","6.63","49.61K","-0.60%"
"12/07/2021","6.67","6.58","6.67","6.58","45.82K","2.38%"
"12/06/2021","6.52","6.47","6.53","6.45","65.75K","1.40%"
"12/03/2021","6.43","6.50","6.50","6.40","6.68K","-0.36%"
"12/02/2021","6.45","6.46","6.46","6.41","27.84K","-1.23%"
"12/01/2021","6.53","6.47","6.54","6.45","268.79K","1.76%"
"11/30/2021","6.42","6.40","6.46","6.37","5.15K","-0.94%"
"11/29/2021","6.48","6.50","6.51","6.47","96.79K","0.87%"
"11/26/2021","6.42","6.49","6.52","6.42","45.78K","-3.79%"
"11/25/2021","6.67","6.67","6.67","6.65","18.01K","0.47%"
"11/24/2021","6.64","6.66","6.66","6.61","29.86K","0.26%"
"11/23/2021","6.63","6.67","6.68","6.62","37.41K","-1.46%"
"11/22/2021","6.72","6.75","6.75","6.72","17.37K","0.10%"
"11/19/2021","6.72","6.77","6.78","6.72","140.41K","-0.58%"
"11/18/2021","6.76","6.78","6.80","6.74","26.76K","-0.40%"
"11/17/2021","6.78","6.77","6.79","6.77","31.52K","0.19%"
"11/16/2021","6.77","6.78","6.79","6.76","163.97K","0.21%"
"11/15/2021","6.76","6.73","6.76","6.73","14.39K","0.25%"
"11/12/2021","6.74","6.72","6.74","6.72","22.90K","0.24%"
"11/11/2021","6.72","6.69","6.72","6.69","25.42K","0.34%"
"11/10/2021","6.70","6.70","6.70","6.68","21.85K","0.25%"
"11/09/2021","6.68","6.68","6.71","6.68","42.72K","-0.13%"
"11/08/2021","6.69","6.70","6.71","6.69","139.47K","0.00%"
"11/05/2021","6.70","6.70","6.73","6.70","171.55K","0.00%"
"11/04/2021","6.70","6.71","6.72","6.69","24.50K","0.27%"
"11/03/2021","6.68","6.64","6.68","6.64","67.83K","0.48%"
"11/02/2021","6.65","6.62","6.65","6.61","13.33K","0.17%"
"11/01/2021","6.64","6.61","6.64","6.61","116.01K","0.88%"
"10/29/2021","6.58","6.54","6.58","6.53","106.08K","0.00%"
"10/28/2021","6.58","6.56","6.58","6.55","24.12K","0.37%"
"10/27/2021","6.55","6.58","6.58","6.54","11.19K","-0.26%"
"10/26/2021","6.57","6.54","6.57","6.54","119.36K","0.69%"
"10/25/2021","6.53","6.53","6.53","6.51","10.43K","0.17%"
"10/22/2021","6.51","6.50","6.54","6.50","78.73K","0.46%"
"10/21/2021","6.49","6.45","6.50","6.45","26.83K","-0.18%"
"10/20/2021","6.50","6.47","6.50","6.47","29.67K","0.25%"
"10/19/2021","6.48","6.47","6.48","6.45","36.15K","0.37%"
"10/18/2021","6.46","6.48","6.48","6.44","14.66K","-0.52%"
"10/15/2021","6.49","6.47","6.49","6.45","39.01K","0.67%"
"10/14/2021","6.45","6.42","6.45","6.40","113.60K","1.13%"
"10/13/2021","6.38","6.32","6.38","6.32","37.81K","0.71%"
"10/12/2021","6.33","6.26","6.34","6.26","58.87K","0.00%"
"10/11/2021","6.33","6.32","6.33","6.30","6.27K","0.00%"
"10/08/2021","6.33","6.35","6.36","6.32","16.00K","-0.41%"
"10/07/2021","6.36","6.32","6.36","6.31","19.53K","1.71%"
"10/06/2021","6.25","6.26","6.27","6.19","52.27K","-1.23%"
"10/05/2021","6.33","6.26","6.33","6.26","9.10K","1.36%"
"10/04/2021","6.24","6.25","6.28","6.24","60.79K","-0.67%"
"10/01/2021","6.28","6.21","6.29","6.19","291.24K","-0.14%"
"09/30/2021","6.29","6.34","6.34","6.29","18.05K","0.00%"
"09/29/2021","6.30","6.29","6.32","6.28","19.78K","0.59%"
"09/28/2021","6.26","6.37","6.38","6.25","131.15K","-1.96%"
"09/27/2021","6.38","6.45","6.45","6.38","31.07K","-0.28%"
"09/24/2021","6.40","6.43","6.44","6.40","21.42K","-0.96%"
"09/23/2021","6.46","6.45","6.47","6.45","55.84K","0.86%"
"09/22/2021","6.41","6.39","6.41","6.37","5.45K","0.82%"
"09/21/2021","6.36","6.32","6.36","6.32","168.85K","1.42%"
"09/20/2021","6.27","6.30","6.30","6.23","111.57K","-1.94%"
"09/17/2021","6.39","6.49","6.49","6.37","71.76K","-0.54%"
"09/16/2021","6.43","6.43","6.46","6.42","40.73K","0.36%"
"09/15/2021","6.40","6.45","6.45","6.40","92.06K","-0.77%"
"09/14/2021","6.45","6.44","6.46","6.43","24.52K","0.00%"
"09/13/2021","6.45","6.45","6.47","6.45","6.66K","0.40%"
"09/10/2021","6.43","6.46","6.46","6.42","14.00K","-0.22%"
"09/09/2021","6.44","6.40","6.46","6.39","40.17K","0.00%"
"09/08/2021","6.44","6.46","6.48","6.43","124.72K","-0.95%"
"09/07/2021","6.51","6.54","6.55","6.51","52.57K","-0.66%"
"09/06/2021","6.55","6.52","6.55","6.51","8.00K","0.78%"
"09/03/2021","6.50","6.53","6.53","6.47","70.23K","-0.58%"
"09/02/2021","6.54","6.51","6.54","6.51","156.35K","0.00%"
"09/01/2021","6.53","6.53","6.55","6.51","313.24K","0.65%"
"08/31/2021","6.49","6.53","6.53","6.48","28.19K","-0.52%"
"08/30/2021","6.53","6.51","6.53","6.50","9.31K","0.11%"
"08/27/2021","6.52","6.48","6.52","6.48","18.25K","0.45%"
"08/26/2021","6.49","6.48","6.50","6.46","13.21K","-0.34%"
"08/25/2021","6.51","6.53","6.53","6.50","10.41K","0.00%"
"08/24/2021","6.52","6.53","6.54","6.48","122.44K","0.00%"
"08/23/2021","6.52","6.52","6.52","6.49","135.86K","0.60%"
"08/20/2021","6.48","6.46","6.48","6.42","46.92K","0.39%"
"08/19/2021","6.45","6.46","6.47","6.41","35.10K","-1.50%"
"08/18/2021","6.55","6.55","6.55","6.53","209.23K","0.14%"
"08/17/2021","6.54","6.51","6.54","6.49","9.64K","0.00%"
"08/16/2021","6.54","6.53","6.54","6.52","21.83K","-0.43%"
"08/13/2021","6.57","6.56","6.57","6.55","11.05K","0.17%"
"08/12/2021","6.55","6.54","6.56","6.54","187.86K","0.31%"
"08/11/2021","6.53","6.52","6.54","6.51","32.29K","0.37%"
"08/10/2021","6.51","6.50","6.51","6.50","15.96K","0.40%"
"08/09/2021","6.49","6.48","6.49","6.47","30.07K","0.17%"
"08/06/2021","6.47","6.47","6.48","6.46","82.71K","0.15%"
"08/05/2021","6.46","6.44","6.47","6.44","30.24K","0.36%"
"08/04/2021","6.44","6.43","6.44","6.42","10.69K","0.66%"
"08/03/2021","6.40","6.38","6.41","6.38","53.23K","0.34%"
"08/02/2021","6.38","6.40","6.40","6.36","54.11K","0.65%"
"07/30/2021","6.34","6.34","6.36","6.33","24.77K","-0.67%"
"07/29/2021","6.38","6.36","6.38","6.36","173.31K","0.58%"
"07/28/2021","6.34","6.32","6.34","6.32","3.80K","0.51%"
"07/27/2021","6.31","6.32","6.32","6.30","74.57K","-0.57%"
"07/26/2021","6.35","6.32","6.35","6.32","3.98K","-0.13%"
"07/23/2021","6.35","6.31","6.35","6.31","24.39K","1.18%"
"07/22/2021","6.28","6.28","6.31","6.28","35.30K","0.37%"
"07/21/2021","6.26","6.19","6.26","6.19","2.22K","1.57%"
"07/20/2021","6.16","6.17","6.19","6.11","37.77K","0.62%"
"07/19/2021","6.12","6.20","6.20","6.12","179.48K","-2.22%"
"07/16/2021","6.26","6.29","6.30","6.25","102.21K","-0.37%"
"07/15/2021","6.28","6.33","6.33","6.28","109.80K","-1.01%"
"07/14/2021","6.35","6.34","6.35","6.33","52.28K","-0.17%"
"07/13/2021","6.36","6.35","6.36","6.34","54.50K","0.11%"
"07/12/2021","6.35","6.32","6.35","6.29","62.11K","0.76%"
"07/09/2021","6.30","6.25","6.30","6.25","41.45K","1.32%"
"07/08/2021","6.22","6.29","6.29","6.20","76.32K","-1.86%"
"07/07/2021","6.34","6.31","6.34","6.30","4.01K","0.89%"
"07/06/2021","6.28","6.31","6.33","6.27","68.45K","-0.59%"
"07/05/2021","6.32","6.30","6.32","6.28","46.87K","0.33%"
"07/02/2021","6.30","6.30","6.32","6.30","14.93K","0.45%"
"07/01/2021","6.27","6.30","6.31","6.23","142.09K","0.50%"
"06/30/2021","6.24","6.30","6.30","6.24","162.10K","-0.92%"
"06/29/2021","6.30","6.29","6.32","6.29","35.76K","0.33%"
"06/28/2021","6.28","6.31","6.31","6.28","25.90K","-0.55%"
"06/25/2021","6.31","6.31","6.32","6.30","9.06K","0.13%"
"06/24/2021","6.30","6.28","6.31","6.28","2.82K","0.94%"
"06/23/2021","6.25","6.32","6.32","6.25","24.86K","-0.78%"
"06/22/2021","6.30","6.29","6.30","6.27","52.40K","0.21%"
"06/21/2021","6.28","6.20","6.28","6.20","21.60K","0.74%"
"06/18/2021","6.24","6.33","6.34","6.24","112.24K","-1.64%"
"06/17/2021","6.34","6.32","6.34","6.32","18.42K","0.00%"
"06/16/2021","6.34","6.34","6.34","6.33","17.77K","0.33%"
"06/15/2021","6.32","6.34","6.34","6.32","822.83K","0.00%"
"06/14/2021","6.32","6.34","6.34","6.31","12.49K","0.16%"
"06/11/2021","6.31","6.27","6.31","6.27","32.54K","0.62%"
"06/10/2021","6.27","6.27","6.28","6.25","20.09K","0.10%"
"06/09/2021","6.27","6.25","6.27","6.24","24.96K","0.19%"
"06/08/2021","6.25","6.26","6.28","6.25","122.65K","0.00%"
"06/07/2021","6.25","6.24","6.26","6.22","115.17K","0.48%"
"06/04/2021","6.22","6.22","6.23","6.21","48.23K","0.19%"
"06/03/2021","6.21","6.20","6.22","6.17","123.69K","0.10%"
"06/02/2021","6.20","6.21","6.21","6.20","186.27K","0.00%"
"06/01/2021","6.21","6.19","6.22","6.18","174.24K","0.80%"
"05/31/2021","6.16","6.18","6.19","6.16","290.48K","-0.29%"
"05/28/2021","6.18","6.16","6.19","6.15","101.84K","0.41%"
"05/27/2021","6.15","6.13","6.15","6.13","3.87K","0.31%"
"05/26/2021","6.13","6.15","6.15","6.13","15.76K","0.00%"
"05/25/2021","6.14","6.15","6.16","6.14","70.47K","0.20%"
"05/21/2021","6.12","6.10","6.13","6.09","260.67K","0.59%"
"05/20/2021","6.09","6.04","6.09","6.04","30.61K","1.37%"
"05/19/2021","6.01","6.03","6.03","5.96","128.75K","-1.33%"
"05/18/2021","6.09","6.13","6.13","6.09","4.42K","0.00%"
"05/17/2021","6.08","6.11","6.11","6.07","66.70K","-0.21%"
"05/14/2021","6.09","6.05","6.09","6.05","73.79K","1.31%"
"05/13/2021","6.02","5.94","6.02","5.90","11.48K","0.00%"
"05/12/2021","6.01","6.01","6.03","5.99","12.97K","0.28%"
"05/11/2021","6.00","6.05","6.05","5.98","50.96K","-1.99%"
"05/10/2021","6.12","6.12","6.12","6.10","66.17K","0.26%"
"05/07/2021","6.10","6.09","6.10","6.07","11.80K","0.91%"
"05/06/2021","6.05","6.06","6.07","6.03","8.56K","0.00%"
"05/05/2021","6.05","5.99","6.05","5.99","172.33K","1.85%"
"05/04/2021","5.94","6.03","6.04","5.93","254.90K","-1.49%"
"05/03/2021","6.03","5.99","6.03","5.99","82.64K","0.82%"
"04/30/2021","5.98","6.01","6.01","5.97","27.89K","-0.33%"
"04/29/2021","6.00","6.02","6.04","5.99","72.52K","0.00%"
"04/28/2021","6.00","6.01","6.01","5.99","0.56K","0.00%"
"04/27/2021","6.00","6.00","6.01","5.99","68.75K","0.18%"
"04/26/2021","5.99","5.98","6.00","5.98","80.75K","0.10%"
"04/23/2021","5.99","5.98","5.99","5.95","39.93K","-0.27%"
"04/22/2021","6.00","5.96","6.00","5.96","75.81K","0.98%"
"04/21/2021","5.94","5.94","5.96","5.93","88.90K","0.75%"
"04/20/2021","5.90","6.01","6.01","5.90","58.63K","-1.78%"
"04/19/2021","6.01","6.03","6.03","6.01","15.93K","-0.08%"
"04/16/2021","6.01","5.96","6.01","5.96","40.01K","0.87%"
"04/15/2021","5.96","5.94","5.97","5.93","120.36K","0.61%"
"04/14/2021","5.92","5.93","5.95","5.92","1.20K","0.00%"
"04/13/2021","5.92","5.93","5.93","5.90","166.30K","0.00%"
"04/12/2021","5.91","5.92","5.93","5.91","1.45K","-0.42%"
"04/09/2021","5.94","5.93","5.95","5.93","10.94K","0.00%"
"04/08/2021","5.94","5.93","5.94","5.92","35.68K","0.61%"
"04/07/2021","5.90","5.90","5.92","5.89","125.02K","-0.17%"
"04/06/2021","5.91","5.93","5.94","5.91","12.88K","0.77%"
"04/01/2021","5.87","5.85","5.88","5.85","111.51K","0.45%"
"03/31/2021","5.84","5.85","5.86","5.84","10.27K","-0.15%"
"03/30/2021","5.85","5.83","5.86","5.82","317.65K","0.62%"
"03/29/2021","5.81","5.81","5.82","5.80","37.50K","0.19%"
"03/26/2021","5.80","5.78","5.80","5.78","56.88K","0.87%"
"03/25/2021","5.75","5.71","5.75","5.70","9.35K","0.00%"
"03/24/2021","5.75","5.71","5.75","5.71","147.27K","0.30%"
"03/23/2021","5.73","5.72","5.75","5.72","19.64K","-0.38%"
"03/22/2021","5.75","5.71","5.75","5.71","7.88K","0.00%"
"03/19/2021","5.75","5.75","5.77","5.73","49.39K","-0.67%"
"03/18/2021","5.79","5.79","5.79","5.77","13.54K","0.59%"
"03/17/2021","5.76","5.78","5.78","5.75","28.39K","-0.42%"
"03/16/2021","5.78","5.76","5.78","5.76","119.79K","0.70%"
"03/15/2021","5.74","5.77","5.78","5.74","6.01K","0.00%"
"03/12/2021","5.74","5.74","5.74","5.73","25.45K","-0.10%"
"03/11/2021","5.75","5.76","5.77","5.73","141.88K","0.35%"
"03/10/2021","5.73","5.68","5.73","5.68","1.78K","0.40%"
"03/09/2021","5.71","5.66","5.71","5.65","88.26K","0.87%"
"03/08/2021","5.66","5.58","5.66","5.58","5.12K","2.04%"
"03/05/2021","5.54","5.55","5.58","5.54","51.89K","-0.75%"
"03/04/2021","5.59","5.58","5.60","5.56","23.25K","-0.25%"
"03/03/2021","5.60","5.63","5.64","5.59","4.52K","0.25%"
"03/02/2021","5.59","5.58","5.62","5.58","42.57K","0.00%"
"03/01/2021","5.59","5.57","5.59","5.55","29.22K","1.80%"
"02/26/2021","5.49","5.50","5.56","5.48","80.31K","-1.53%"
"02/25/2021","5.57","5.62","5.62","5.57","4.76K","-0.29%"
"02/24/2021","5.59","5.56","5.59","5.55","3.64K","0.43%"
"02/23/2021","5.57","5.60","5.61","5.52","38.04K","-0.45%"
"02/22/2021","5.59","5.57","5.59","5.54","15.01K","-0.37%"
"02/19/2021","5.61","5.59","5.62","5.59","24.28K","0.52%"
"02/18/2021","5.58","5.63","5.63","5.58","59.95K","-0.62%"
"02/17/2021","5.62","5.64","5.65","5.62","49.07K","-0.72%"
"02/16/2021","5.66","5.68","5.69","5.65","202.83K","-0.21%"
"02/15/2021","5.67","5.63","5.68","5.63","3.98K","1.39%"
"02/12/2021","5.59","5.55","5.60","5.55","224.38K","0.52%"
"02/11/2021","5.56","5.55","5.56","5.54","10.24K","0.42%"
"02/10/2021","5.54","5.56","5.57","5.51","11.90K","-0.14%"
"02/09/2021","5.55","5.55","5.55","5.53","7.74K","0.00%"
"02/08/2021","5.55","5.56","5.57","5.54","1.27K","0.16%"
"02/05/2021","5.54","5.55","5.56","5.53","23.52K","0.00%"
"02/04/2021","5.54","5.51","5.55","5.51","62.33K","0.62%"
"02/03/2021","5.51","5.55","5.55","5.51","2.85K","0.00%"
"02/02/2021","5.50","5.45","5.50","5.45","62.05K","1.34%"
"02/01/2021","5.43","5.39","5.43","5.39","218.10K","1.53%"
"01/29/2021","5.35","5.38","5.41","5.35","421.65K","-2.14%"
"01/28/2021","5.47","5.40","5.47","5.36","18.36K","0.15%"
"01/27/2021","5.46","5.49","5.52","5.43","44.20K","-1.23%"
"01/26/2021","5.53","5.49","5.55","5.49","64.16K","0.71%"
"01/25/2021","5.49","5.56","5.56","5.48","57.99K","-0.69%"
"01/22/2021","5.53","5.53","5.54","5.50","44.82K","-0.56%"
"01/21/2021","5.56","5.59","5.59","5.55","56.84K","0.00%"
"01/20/2021","5.56","5.54","5.57","5.54","14.39K","0.80%"
"01/19/2021","5.52","5.56","5.56","5.52","2.54K","-0.34%"
"01/18/2021","5.54","5.52","5.54","5.50","15.48K","0.16%"
"01/15/2021","5.53","5.55","5.56","5.50","25.25K","-0.68%"
"01/14/2021","5.57","5.55","5.59","5.55","61.93K","0.47%"
"01/13/2021","5.54","5.53","5.55","5.50","3.76K","0.14%"
"01/12/2021","5.53","5.55","5.56","5.53","112.27K","0.09%"
"01/11/2021","5.53","5.56","5.57","5.52","80.08K","-0.84%"
"01/08/2021","5.57","5.58","5.58","5.56","88.69K","0.60%"
"01/07/2021","5.54","5.55","5.55","5.51","9.62K","0.51%"
"01/06/2021","5.51","5.45","5.52","5.44","152.05K","1.66%"
"01/05/2021","5.42","5.43","5.44","5.41","19.85K","0.00%"
"01/04/2021","5.42","5.47","5.49","5.42","91.73K","0.00%"
"12/30/2020","5.43","5.43","5.44","5.43","62.89K","-0.11%"
"12/29/2020","5.43","5.43","5.45","5.42","56.72K","0.56%"
"12/28/2020","5.40","5.39","5.41","5.39","12.95K","0.97%"
"12/23/2020","5.35","5.31","5.35","5.31","49.40K","1.04%"
"12/22/2020","5.30","5.27","5.30","5.27","151.82K","0.95%"
"12/21/2020","5.24","5.25","5.26","5.21","53.57K","-2.38%"
"12/18/2020","5.37","5.37","5.39","5.37","64.71K","-0.30%"
"12/17/2020","5.39","5.40","5.41","5.39","1.91K","0.37%"
"12/16/2020","5.37","5.35","5.38","5.35","23.92K","0.75%"
"12/15/2020","5.33","5.32","5.33","5.32","120.30K","0.26%"
"12/14/2020","5.32","5.32","5.35","5.32","83.17K","0.55%"
"12/11/2020","5.29","5.32","5.32","5.24","75.55K","-0.75%"
"12/10/2020","5.33","5.36","5.36","5.31","139.47K","-0.34%"
"12/09/2020","5.34","5.35","5.38","5.34","222.95K","0.15%"
"12/08/2020","5.34","5.32","5.34","5.29","147.88K","0.15%"
"12/07/2020","5.33","5.34","5.34","5.30","216.98K","-0.47%"
"12/04/2020","5.35","5.32","5.35","5.31","44.13K","0.83%"
"12/03/2020","5.31","5.31","5.32","5.30","35.04K","-0.15%"
"12/02/2020","5.32","5.30","5.32","5.29","44.09K","-0.11%"
"12/01/2020","5.32","5.31","5.33","5.28","153.23K","1.08%"
"11/30/2020","5.27","5.31","5.35","5.27","69.10K","-1.27%"
"11/27/2020","5.33","5.31","5.34","5.31","50.19K","0.34%"
"11/26/2020","5.32","5.32","5.32","5.30","10.22K","0.00%"
"11/25/2020","5.32","5.33","5.34","5.30","56.44K","-0.24%"
"11/24/2020","5.33","5.30","5.33","5.30","75.53K","1.18%"
"11/23/2020","5.27","5.30","5.31","5.27","44.33K","-0.09%"
"11/20/2020","5.27","5.25","5.29","5.25","0.58K","0.34%"
"11/19/2020","5.25","5.25","5.26","5.25","2.28K","-0.79%"
"11/18/2020","5.30","5.25","5.31","5.25","23.29K","0.44%"
"11/17/2020","5.27","5.28","5.29","5.26","113.89K","-0.25%"
"11/16/2020","5.28","5.26","5.30","5.25","9.46K","1.21%"
"11/13/2020","5.22","5.20","5.23","5.20","9.54K","0.17%"
"11/12/2020","5.21","5.22","5.24","5.20","23.09K","-0.86%"
"11/11/2020","5.26","5.23","5.28","5.23","2.34K","1.08%"
"11/10/2020","5.20","5.17","5.22","5.17","24.59K","0.89%"
"11/09/2020","5.16","5.01","5.21","5.01","89.60K","3.98%"
"11/06/2020","4.96","4.96","4.98","4.91","44.94K","0.00%"
"11/05/2020","4.96","4.95","4.97","4.94","38.44K","0.72%"
"11/04/2020","4.92","4.77","4.92","4.77","46.81K","2.30%"
"11/03/2020","4.81","4.74","4.83","4.73","96.74K","2.13%"
"11/02/2020","4.71","4.63","4.71","4.62","171.38K","1.76%"
"10/30/2020","4.63","4.59","4.63","4.59","45.16K","-0.19%"
"10/29/2020","4.64","4.66","4.66","4.58","385.51K","-0.22%"
"10/28/2020","4.65","4.71","4.71","4.60","119.22K","-2.49%"
"10/27/2020","4.76","4.81","4.85","4.76","79.45K","-1.14%"
"10/26/2020","4.82","4.84","4.89","4.82","1.67K","-1.84%"
"10/23/2020","4.91","4.89","4.93","4.89","3.22K","0.71%"
"10/22/2020","4.88","4.85","4.89","4.85","1.11K","0.00%"
"10/21/2020","4.88","4.95","4.95","4.88","0.23K","-1.23%"
"10/20/2020","4.94","4.95","4.97","4.94","41.70K","-0.61%"
"10/19/2020","4.97","5.01","5.03","4.96","2.55K","0.00%"
"10/16/2020","4.97","4.95","4.98","4.93","13.77K","1.39%"
"10/15/2020","4.90","4.93","4.93","4.88","4.45K","-2.25%"
"10/14/2020","5.02","5.01","5.03","5.01","10.37K","-0.18%"
"10/13/2020","5.03","5.05","5.05","5.00","3.68K","-0.38%"
"10/12/2020","5.04","5.01","5.04","5.01","4.24K","0.54%"
"10/09/2020","5.02","5.00","5.02","4.99","2.12K","0.80%"
"10/08/2020","4.98","4.97","4.98","4.97","0.83K","0.72%"
"10/07/2020","4.94","4.95","4.95","4.93","0.34K","-0.17%"
"10/06/2020","4.95","4.95","4.96","4.91","55.23K","0.00%"
"10/05/2020","4.95","4.94","4.95","4.93","7.86K","0.83%"
"10/02/2020","4.91","4.84","4.91","4.82","2.45K","0.00%"
"10/01/2020","4.90","4.91","4.92","4.88","7.53K","0.66%"
"09/30/2020","4.87","4.85","4.89","4.85","0.27K","-0.26%"
"09/29/2020","4.88","4.89","4.89","4.88","26.68K","-0.42%"
"09/28/2020","4.90","4.85","4.90","4.84","2.95K","2.14%"
"09/25/2020","4.80","4.79","4.80","4.75","6.41K","-0.21%"
"09/24/2020","4.81","4.79","4.84","4.78","1.88K","-0.70%"
"09/23/2020","4.84","4.85","4.90","4.84","1.62K","0.70%"
"09/22/2020","4.81","4.84","4.85","4.81","6.68K","-0.25%"
"09/21/2020","4.82","4.91","4.93","4.82","3.43K","-3.26%"
"09/18/2020","4.99","5.00","5.01","4.99","1.25K","-0.51%"
"09/17/2020","5.01","4.98","5.01","4.98","41.12K","-0.42%"
"09/16/2020","5.03","5.02","5.04","5.01","32.90K","0.30%"
"09/15/2020","5.02","4.98","5.02","4.98","18.50K","0.68%"
"09/14/2020","4.98","5.00","5.00","4.97","1.02K","0.16%"
"09/11/2020","4.97","4.95","4.97","4.95","0.58K","0.12%"
"09/10/2020","4.97","5.00","5.01","4.97","1.53K","-0.52%"
"09/09/2020","4.99","4.92","4.99","4.92","14.58K","1.66%"
"09/08/2020","4.91","4.97","4.97","4.89","21.61K","-1.02%"
"09/07/2020","4.96","4.93","4.97","4.93","2.72K","1.29%"
"09/04/2020","4.90","4.90","4.97","4.88","3.89K","-1.05%"
"09/03/2020","4.95","5.06","5.08","4.95","21.08K","-1.22%"
"09/02/2020","5.01","4.96","5.03","4.95","37.27K","1.63%"
"09/01/2020","4.93","4.96","4.98","4.93","9.75K","-0.14%"
"08/31/2020","4.94","5.01","5.02","4.94","0.75K","-0.77%"
"08/28/2020","4.98","5.01","5.01","4.98","30.22K","-0.50%"
"08/27/2020","5.00","5.03","5.04","5.00","11.30K","-0.83%"
"08/26/2020","5.05","4.98","5.05","4.97","0.71K","1.06%"
"08/25/2020","4.99","5.04","5.05","4.99","147.78K","-0.24%"
"08/24/2020","5.01","4.98","5.02","4.98","0.20K","1.63%"
"08/21/2020","4.92","4.95","4.96","4.92","19.23K","-0.52%"
"08/20/2020","4.95","4.93","4.95","4.92","4.15K","-0.98%"
"08/19/2020","5.00","4.94","5.00","4.94","0.58K","0.78%"
"08/18/2020","4.96","4.95","5.00","4.94","11.23K","-0.50%"
"08/17/2020","4.99","4.98","4.99","4.97","1.16K","0.57%"
"08/14/2020","4.96","5.00","5.00","4.93","17.63K","-1.29%"
"08/13/2020","5.02","5.03","5.03","5.02","14.69K","-0.50%"
"08/12/2020","5.05","4.99","5.05","4.99","0.34K","0.90%"
"08/11/2020","5.00","4.96","5.02","4.96","9.87K","1.56%"
"08/10/2020","4.93","4.91","4.93","4.91","3.87K","0.56%"
"08/07/2020","4.90","4.88","4.91","4.87","12.68K","0.20%"
"08/06/2020","4.89","4.90","4.93","4.87","2.05K","-0.85%"
"08/05/2020","4.93","4.93","4.94","4.91","2.89K","0.54%"
"08/04/2020","4.90","4.93","4.93","4.88","53.08K","0.00%"
"08/03/2020","4.90","4.80","4.91","4.80","6.55K","2.08%"
"07/31/2020","4.80","4.85","4.88","4.80","8.93K","-1.46%"
"07/30/2020","4.87","4.95","4.95","4.82","30.79K","-1.99%"
"07/29/2020","4.97","4.97","4.97","4.97","2.25K","0.23%"
"07/28/2020","4.96","4.96","4.97","4.94","25.89K","0.32%"
"07/27/2020","4.94","4.95","4.96","4.93","11.99K","-0.31%"
"07/24/2020","4.96","4.96","4.98","4.95","16.81K","-1.53%"
"07/23/2020","5.04","5.06","5.07","5.03","5.15K","-0.16%"
"07/22/2020","5.04","5.06","5.06","5.03","1.95K","-0.81%"
"07/21/2020","5.09","5.07","5.13","5.07","9.57K","0.36%"
"07/20/2020","5.07","5.01","5.07","4.99","12.24K","0.88%"
"07/17/2020","5.02","5.03","5.03","5.01","111.29K","0.00%"
"07/16/2020","5.03","5.00","5.03","5.00","1.19K","-0.10%"
"07/15/2020","5.03","5.00","5.04","4.98","2.55K","1.55%"
"07/14/2020","4.95","4.93","4.95","4.92","0.65K","-0.89%"
"07/13/2020","5.00","4.99","5.00","4.97","5.16K","1.24%"
"07/10/2020","4.94","4.88","4.94","4.88","6.64K","0.74%"
"07/09/2020","4.90","4.95","4.96","4.90","21.93K","-0.66%"
"07/08/2020","4.93","4.93","4.95","4.93","2.66K","-0.72%"
"07/07/2020","4.97","4.96","4.97","4.94","13.70K","-0.44%"
"07/06/2020","4.99","4.99","5.00","4.96","7.58K","1.42%"
"07/03/2020","4.92","4.96","4.96","4.92","20.71K","-0.60%"
"07/02/2020","4.95","4.89","4.95","4.89","2.29K","1.96%"
"07/01/2020","4.86","4.81","4.86","4.80","3.89K","0.29%"
"06/30/2020","4.84","4.85","4.85","4.81","51.65K","-0.24%"
"06/29/2020","4.85","4.81","4.86","4.81","2.43K","0.52%"
"06/26/2020","4.83","4.87","4.90","4.83","2.29K","0.00%"
"06/25/2020","4.82","4.77","4.84","4.77","32.12K","0.44%"
"06/24/2020","4.80","4.89","4.90","4.80","0.65K","-2.59%"
"06/23/2020","4.93","4.89","4.93","4.89","1.69K","1.18%"
"06/22/2020","4.87","4.87","4.89","4.86","6.17K","-0.71%"
"06/19/2020","4.91","4.90","4.92","4.90","0.40K","0.72%"
"06/18/2020","4.87","4.89","4.89","4.87","1.20K","-0.90%"
"06/17/2020","4.92","4.88","4.92","4.88","5.37K","0.90%"
"06/16/2020","4.87","4.82","4.87","4.81","1.62K","2.80%"
"06/15/2020","4.74","4.64","4.74","4.63","21.33K","-0.47%"
"06/12/2020","4.76","4.68","4.80","4.67","23.68K","0.63%"
"06/11/2020","4.73","4.83","4.83","4.73","2.95K","-4.03%"
"06/10/2020","4.93","4.99","4.99","4.93","38.30K","-0.59%"
"06/09/2020","4.96","5.03","5.03","4.95","3.58K","-1.18%"
"06/08/2020","5.02","4.98","5.03","4.96","18.03K","-0.48%"
"06/05/2020","5.04","4.94","5.04","4.94","154.67K","2.74%"
"06/04/2020","4.91","4.93","4.94","4.90","20.85K","-0.67%"
"06/03/2020","4.94","4.85","4.95","4.85","58.12K","2.67%"
"06/02/2020","4.81","4.80","4.82","4.78","14.39K","2.44%"
"05/29/2020","4.70","4.73","4.78","4.70","576.42K","-1.33%"
"05/28/2020","4.76","4.72","4.78","4.72","20.13K","1.56%"
"05/27/2020","4.69","4.69","4.72","4.69","1.69K","0.41%"
"05/26/2020","4.67","4.68","4.71","4.66","187.27K","0.62%"
"05/25/2020","4.64","4.59","4.64","4.59","2.14K","1.81%"
"05/22/2020","4.56","4.50","4.56","4.50","96.60K","-0.14%"
"05/21/2020","4.57","4.55","4.61","4.55","80.95K","-0.76%"
"05/20/2020","4.60","4.54","4.60","4.54","27.74K","1.08%"
"05/19/2020","4.55","4.59","4.59","4.54","28.04K","-0.71%"
"05/18/2020","4.58","4.47","4.58","4.47","52.72K","4.18%"
"05/15/2020","4.40","4.43","4.47","4.39","258.81K","0.24%"
"05/14/2020","4.39","4.44","4.44","4.36","42.33K","-1.88%"
"05/13/2020","4.47","4.50","4.51","4.47","41.95K","-1.80%"
"05/12/2020","4.55","4.58","4.58","4.55","3.25K","0.15%"
"05/11/2020","4.55","4.59","4.59","4.53","4.27K","-0.52%"
"05/08/2020","4.57","4.60","4.60","4.56","4.98K","0.94%"
"05/07/2020","4.53","4.50","4.53","4.50","7.88K","1.22%"
"05/06/2020","4.47","4.49","4.51","4.47","43.73K","-0.36%"
"05/05/2020","4.49","4.46","4.49","4.46","1.39K","1.95%"
"05/04/2020","4.41","4.42","4.42","4.41","5.52K","-3.25%"
"04/30/2020","4.55","4.66","4.66","4.55","13.59K","-1.76%"
"04/29/2020","4.63","4.56","4.63","4.56","0.27K","1.70%"
"04/28/2020","4.56","4.49","4.58","4.49","1.55K","1.59%"
"04/27/2020","4.49","4.48","4.49","4.47","0.39K","1.87%"
"04/24/2020","4.40","4.39","4.45","4.39","20.51K","-0.79%"
"04/23/2020","4.44","4.43","4.44","4.39","12.20K","0.84%"
"04/22/2020","4.40","4.36","4.40","4.36","0.01K","1.83%"
"04/21/2020","4.32","4.44","4.44","4.32","0.21K","-3.74%"
"04/20/2020","4.49","4.45","4.49","4.41","0.31K","0.74%"
"04/17/2020","4.46","4.44","4.48","4.44","19.36K","2.84%"
"04/16/2020","4.33","4.36","4.36","4.33","0.66K","0.29%"
"04/15/2020","4.32","4.45","4.45","4.32","3.76K","-2.77%"
"04/14/2020","4.44","4.47","4.47","4.44","0.17K","0.73%"
"04/09/2020","4.41","4.41","4.41","4.36","0.11K","1.05%"
"04/08/2020","4.37","4.32","4.37","4.30","20.94K","0.20%"
"04/07/2020","4.36","4.41","4.41","4.35","17.32K","1.70%"
"04/06/2020","4.28","4.24","4.28","4.24","4.21K","3.88%"
"04/03/2020","4.13","4.14","4.15","4.13","0.29K","-1.08%"
"04/02/2020","4.17","4.17","4.18","4.17","0.61K","0.16%"
"04/01/2020","4.16","4.15","4.18","4.15","32.48K","-2.78%"
"03/31/2020","4.28","4.26","4.28","4.24","0.35K","1.51%"
"03/30/2020","4.22","4.16","4.22","4.14","0.16K","0.63%"
"03/27/2020","4.19","4.30","4.30","4.13","75.63K","-2.26%"
"03/26/2020","4.29","4.08","4.29","4.08","0.32K","2.35%"
"03/25/2020","4.19","4.13","4.21","4.08","0.75K","3.20%"
"03/24/2020","4.06","3.92","4.06","3.92","0.26K","8.15%"
"03/23/2020","3.76","3.72","3.86","3.72","8.39K","-3.93%"
"03/20/2020","3.91","3.97","4.00","3.91","11.92K","1.48%"
"03/19/2020","3.85","3.78","3.85","3.72","0.01K","3.74%"
"03/18/2020","3.71","3.76","3.76","3.69","0.22K","-3.93%"
"03/17/2020","3.86","3.94","3.94","3.73","25.64K","1.52%"
"03/16/2020","3.81","3.99","3.99","3.62","0.15K","-4.36%"
"03/13/2020","3.98","4.11","4.20","3.98","0.02K","2.12%"
"03/12/2020","3.90","4.18","4.18","3.90","7.48K","-11.76%"
"03/11/2020","4.42","4.51","4.51","4.42","4.66K","-0.95%"
"03/10/2020","4.46","4.57","4.63","4.46","51.88K","-1.01%"
"03/09/2020","4.51","4.50","4.56","4.50","4.60K","-7.25%"
"03/06/2020","4.86","4.94","4.94","4.86","0.37K","-3.46%"
"03/05/2020","5.03","5.14","5.14","5.02","10.07K","-1.55%"
"03/04/2020","5.11","5.04","5.14","5.04","26.97K","1.55%"
"03/03/2020","5.03","5.06","5.12","5.03","7.22K","1.08%"
"03/02/2020","4.98","5.05","5.05","4.91","1.41K","0.16%"
"02/28/2020","4.97","4.97","5.01","4.97","89.31K","-3.29%"
"02/27/2020","5.14","5.24","5.24","5.14","9.30K","-3.58%"
"02/26/2020","5.33","5.30","5.33","5.27","0.90K","0.11%"
"02/25/2020","5.32","5.45","5.45","5.32","9.87K","-1.81%"
"02/24/2020","5.42","5.50","5.50","5.42","18.77K","-3.66%"
"02/21/2020","5.63","5.64","5.66","5.63","21.74K","-0.53%"
"02/20/2020","5.66","5.71","5.71","5.66","0.01K","-0.91%"
"02/19/2020","5.71","5.68","5.71","5.68","0.86K","0.72%"
"02/18/2020","5.67","5.65","5.67","5.65","27.56K","-0.30%"
"02/17/2020","5.69","5.69","5.69","5.68","3.42K","0.30%"
"02/14/2020","5.67","5.67","5.69","5.67","","0.00%"
"02/13/2020","5.67","5.65","5.67","5.64","0.10K","0.00%"
"02/12/2020","5.67","5.65","5.67","5.65","20.00K","0.71%"
"02/11/2020","5.63","5.62","5.64","5.62","1.23K","0.79%"
"02/10/2020","5.59","5.57","5.59","5.57","0.21K","0.09%"
"02/07/2020","5.58","5.59","5.60","5.58","0.60K","-0.36%"
"02/06/2020","5.60","5.62","5.62","5.60","18.65K","0.50%"
"02/05/2020","5.58","5.50","5.58","5.50","7.62K","1.27%"
"02/04/2020","5.51","5.45","5.51","5.45","3.35K","1.66%"
"02/03/2020","5.42","5.42","5.42","5.41","0.66K","0.09%"
"01/31/2020","5.41","5.49","5.49","5.41","2.81K","-1.13%"
"01/30/2020","5.47","5.45","5.48","5.45","0.09K","-0.83%"
"01/29/2020","5.52","5.50","5.53","5.50","0.09K","0.36%"
"01/28/2020","5.50","5.47","5.50","5.46","1.03K","0.75%"
"01/27/2020","5.46","5.51","5.51","5.46","0.86K","-2.22%"
"01/24/2020","5.58","5.57","5.61","5.57","17.63K","0.79%"
"01/23/2020","5.54","5.56","5.57","5.54","0.40K","-0.66%"
"01/22/2020","5.57","5.59","5.60","5.57","1.61K","0.00%"
"01/21/2020","5.58","5.54","5.58","5.54","6.06K","-0.21%"
"01/20/2020","5.59","5.58","5.59","5.58","0.11K","0.00%"
"01/17/2020","5.59","5.57","5.59","5.57","6.23K","0.88%"
"01/16/2020","5.54","5.53","5.54","5.53","6.02K","0.20%"
"01/15/2020","5.53","5.53","5.53","5.53","9.20K","0.00%"
"01/14/2020","5.53","5.51","5.53","5.51","8.28K","0.27%"
"01/13/2020","5.51","5.52","5.53","5.51","3.80K","0.00%"
"01/10/2020","5.51","5.55","5.55","5.51","2.59K","-0.24%"
"01/09/2020","5.53","5.55","5.55","5.53","15.97K","0.20%"
"01/08/2020","5.52","5.48","5.52","5.48","0.48K","0.20%"
"01/07/2020","5.51","5.51","5.52","5.51","2.72K","0.27%"
"01/06/2020","5.49","5.48","5.49","5.45","0.93K","-0.40%"
"01/03/2020","5.51","5.50","5.51","5.48","20.50K","-0.42%"
"01/02/2020","5.54","5.52","5.55","5.52","97.95K","0.45%"
"12/30/2019","5.51","5.52","5.52","5.51","3.71K","-0.36%"
"12/27/2019","5.53","5.54","5.54","5.53","0.02K","0.33%"
"12/23/2019","5.51","5.51","5.52","5.51","0.14K","0.00%"
"12/20/2019","5.51","5.48","5.51","5.48","","0.84%"
"12/19/2019","5.47","5.47","5.47","5.46","10.27K","0.11%"
"12/18/2019","5.46","5.47","5.48","5.46","68.92K","-0.09%"
"12/17/2019","5.47","5.48","5.48","5.47","3.85K","-0.62%"
"12/16/2019","5.50","5.46","5.51","5.46","2.90K","1.40%"
"12/13/2019","5.43","5.44","5.45","5.43","0.38K","0.95%"
"12/12/2019","5.38","5.36","5.38","5.36","","0.47%"
"12/11/2019","5.35","5.34","5.35","5.34","","0.17%"
"12/10/2019","5.34","5.34","5.34","5.30","","-0.28%"
"12/09/2019","5.36","5.37","5.37","5.36","","-0.30%"
"12/06/2019","5.37","5.32","5.37","5.32","","1.32%"
"12/05/2019","5.30","5.32","5.34","5.30","","-0.17%"
"12/04/2019","5.31","5.26","5.31","5.26","","1.14%"
"12/03/2019","5.25","5.30","5.30","5.25","","-0.55%"
"12/02/2019","5.28","5.38","5.39","5.28","0.10K","-1.60%"
"11/29/2019","5.37","5.37","5.40","5.37","0.00K","-0.46%"
"11/28/2019","5.39","5.39","5.39","5.39","","-0.17%"
"11/27/2019","5.40","5.40","5.40","5.40","","0.13%"
"11/26/2019","5.39","5.37","5.39","5.37","0.50K","0.24%"
"11/25/2019","5.38","5.36","5.38","5.36","1.98K","1.03%"
"11/22/2019","5.32","5.31","5.33","5.31","0.08K","0.53%"
"11/21/2019","5.30","5.29","5.30","5.29","0.01K","-0.41%"
"11/20/2019","5.32","5.32","5.32","5.30","0.45K","-0.60%"
"11/19/2019","5.35","5.36","5.38","5.35","1.12K","0.00%"
"11/18/2019","5.36","5.36","5.37","5.36","","0.00%"
"11/15/2019","5.35","5.36","5.36","5.34","","0.36%"
"11/14/2019","5.33","5.35","5.36","5.33","","-0.39%"
"11/13/2019","5.36","5.35","5.36","5.34","","-0.20%"
"11/12/2019","5.37","5.36","5.37","5.36","2.37K","0.39%"
"11/11/2019","5.34","5.33","5.35","5.33","0.10K","0.00%"
"11/08/2019","5.35","5.35","5.35","5.35","","-0.32%"
"11/07/2019","5.36","5.36","5.37","5.35","11.77K","0.45%"
"11/06/2019","5.34","5.33","5.34","5.33","","0.13%"
"11/05/2019","5.33","5.32","5.33","5.32","","0.23%"
"11/04/2019","5.32","5.29","5.32","5.29","","0.95%"
"11/01/2019","5.27","5.26","5.27","5.26","","0.65%"
"10/31/2019","5.24","5.26","5.26","5.24","","-0.48%"
"10/30/2019","5.26","5.26","5.26","5.26","","0.13%"
"10/29/2019","5.26","5.26","5.26","5.24","","-0.23%"
"10/28/2019","5.27","5.25","5.27","5.25","","0.29%"
"10/25/2019","5.25","5.25","5.25","5.23","","0.13%"
"10/24/2019","5.25","5.23","5.25","5.23","","0.58%"
"10/23/2019","5.22","5.19","5.22","5.19","","0.00%"
"10/22/2019","5.21","5.20","5.21","5.20","","0.27%"
"10/21/2019","5.20","5.18","5.20","5.18","","0.72%"
"10/18/2019","5.16","5.17","5.19","5.16","","-0.29%"
"10/17/2019","5.18","5.17","5.20","5.17","11.90K","-0.15%"
"10/16/2019","5.18","5.19","5.19","5.18","","0.00%"
"10/15/2019","5.19","5.17","5.19","5.15","","0.99%"
"10/14/2019","5.14","5.13","5.14","5.12","","-0.41%"
"10/11/2019","5.16","5.07","5.16","5.07","187.15K","2.18%"
"10/10/2019","5.05","5.01","5.05","5.00","","0.80%"
"10/09/2019","5.01","4.98","5.01","4.98","","0.43%"
"10/08/2019","4.99","5.04","5.04","4.99","1.40K","-1.14%"
"10/07/2019","5.04","5.00","5.05","5.00","8.71K","0.70%"
"10/04/2019","5.01","4.97","5.01","4.97","","0.73%"
"10/02/2019","4.97","5.09","5.09","4.97","4.66K","-2.65%"
"10/01/2019","5.11","5.19","5.19","5.11","","-1.22%"
"09/30/2019","5.17","5.15","5.17","5.15","","0.21%"
"09/27/2019","5.16","5.15","5.16","5.15","","0.45%"
"09/26/2019","5.14","5.09","5.14","5.09","","0.80%"
"09/25/2019","5.10","5.11","5.11","5.06","4.00K","-0.62%"
"09/24/2019","5.13","5.14","5.15","5.13","","-0.10%"
"09/23/2019","5.13","5.16","5.16","5.13","","-0.60%"
"09/20/2019","5.16","5.16","5.17","5.16","6.97K","0.21%"
"09/19/2019","5.15","5.12","5.15","5.12","","0.72%"
"09/18/2019","5.12","5.11","5.12","5.11","","0.00%"
"09/17/2019","5.12","5.11","5.12","5.11","","-0.10%"
"09/16/2019","5.12","5.12","5.13","5.12","13.12K","-0.39%"
"09/13/2019","5.14","5.13","5.14","5.13","","0.33%"
"09/12/2019","5.13","5.13","5.14","5.11","0.39K","0.20%"
"09/11/2019","5.11","5.09","5.11","5.09","0.09K","0.89%"
"09/10/2019","5.07","5.05","5.07","5.05","","0.14%"
"09/09/2019","5.06","5.09","5.09","5.06","","-0.33%"
"09/06/2019","5.08","5.06","5.08","5.06","","0.30%"
"09/05/2019","5.07","5.06","5.07","5.06","","0.74%"
"09/04/2019","5.03","5.02","5.03","5.02","","0.88%"
"09/03/2019","4.98","4.98","4.98","4.97","0.30K","-0.16%"
"09/02/2019","4.99","4.98","5.00","4.98","","0.31%"
"08/30/2019","4.98","4.94","4.99","4.94","113.98K","0.72%"
"08/29/2019","4.94","4.88","4.94","4.88","","1.10%"
"08/28/2019","4.89","4.88","4.89","4.87","","-0.22%"
"08/27/2019","4.90","4.85","4.90","4.85","0.25K","0.66%"
"08/26/2019","4.87","4.85","4.87","4.85","","0.30%"
"08/23/2019","4.85","4.92","4.93","4.85","","-1.00%"
"08/22/2019","4.90","4.90","4.91","4.90","0.31K","-0.31%"
"08/21/2019","4.92","4.88","4.92","4.88","","1.17%"
"08/20/2019","4.86","4.89","4.89","4.86","","-0.63%"
"08/19/2019","4.89","4.88","4.89","4.88","","1.12%"
"08/16/2019","4.84","4.79","4.84","4.79","","1.31%"
"08/15/2019","4.77","4.80","4.80","4.74","","-0.21%"
"08/14/2019","4.78","4.86","4.86","4.78","","-1.59%"
"08/13/2019","4.86","4.81","4.86","4.81","","0.62%"
"08/12/2019","4.83","4.88","4.88","4.83","","-0.38%"
"08/09/2019","4.85","4.88","4.88","4.85","","-0.84%"
"08/08/2019","4.89","4.86","4.89","4.85","","1.72%"
"08/07/2019","4.81","4.80","4.84","4.80","","0.35%"
"08/06/2019","4.79","4.81","4.85","4.79","","-0.51%"
"08/05/2019","4.82","4.88","4.88","4.82","","-2.24%"
"08/02/2019","4.93","4.96","4.96","4.93","","-2.64%"
"08/01/2019","5.06","5.01","5.06","5.01","","0.68%"
"07/31/2019","5.03","5.02","5.03","5.01","0.10K","0.14%"
"07/30/2019","5.02","5.08","5.08","5.02","0.05K","-1.34%"
"07/29/2019","5.09","5.07","5.10","5.07","","0.00%"
"07/26/2019","5.09","5.07","5.09","5.07","","0.38%"
"07/25/2019","5.07","5.11","5.11","5.07","","-0.51%"
"07/24/2019","5.09","5.08","5.09","5.08","","0.00%"
"07/23/2019","5.09","5.07","5.09","5.07","","0.95%"
"07/22/2019","5.04","5.03","5.04","5.03","","0.20%"
"07/19/2019","5.03","5.05","5.05","5.02","","0.16%"
"07/18/2019","5.02","5.01","5.04","5.01","","-0.48%"
"07/17/2019","5.05","5.07","5.07","5.05","","-0.43%"
"07/16/2019","5.07","5.04","5.07","5.04","","0.30%"
"07/15/2019","5.05","5.06","5.06","5.04","0.15K","0.22%"
"07/12/2019","5.04","5.05","5.05","5.04","","0.00%"
"07/11/2019","5.04","5.06","5.06","5.04","","0.00%"
"07/10/2019","5.05","5.04","5.06","5.04","43.62K","-0.22%"
"07/09/2019","5.06","5.06","5.06","5.06","","-0.45%"
"07/08/2019","5.08","5.08","5.09","5.08","","-0.10%"
"07/05/2019","5.09","5.12","5.12","5.09","","-0.72%"
"07/04/2019","5.12","5.13","5.13","5.12","","0.00%"
"07/03/2019","5.12","5.09","5.12","5.09","","0.89%"
"07/02/2019","5.08","5.07","5.08","5.07","","0.36%"
"07/01/2019","5.06","5.08","5.08","5.06","","0.82%"
"06/28/2019","5.02","4.99","5.02","4.99","","0.71%"
"06/27/2019","4.98","5.00","5.00","4.98","","0.00%"
"06/26/2019","4.98","4.99","5.00","4.98","","-0.28%"
"06/25/2019","5.00","4.98","5.00","4.98","","-0.12%"
"06/24/2019","5.00","5.01","5.01","5.00","","-0.32%"
"06/21/2019","5.02","5.04","5.04","5.02","","-0.40%"
"06/20/2019","5.04","5.05","5.05","5.04","","0.48%"
"06/19/2019","5.01","5.02","5.02","5.01","","0.00%"
"06/18/2019","5.01","4.93","5.01","4.93","","1.56%"
"06/17/2019","4.94","4.95","4.95","4.93","","0.00%"
"06/14/2019","4.94","4.94","4.94","4.92","","-0.47%"
"06/13/2019","4.96","4.94","4.96","4.94","","0.26%"
"06/12/2019","4.95","4.94","4.95","4.94","","-0.35%"
"06/11/2019","4.96","4.94","4.97","4.94","113.69K","1.06%"
"06/07/2019","4.91","4.89","4.91","4.89","","0.95%"
"06/06/2019","4.87","4.87","4.90","4.87","","0.00%"
"06/05/2019","4.87","4.85","4.88","4.85","","0.27%"
"06/04/2019","4.85","4.80","4.85","4.80","","0.57%"
"06/03/2019","4.83","4.79","4.83","4.79","","0.24%"
"05/31/2019","4.82","4.80","4.82","4.79","","-0.83%"
"05/30/2019","4.86","4.85","4.86","4.84","","0.61%"
"05/29/2019","4.83","4.85","4.85","4.83","","-1.23%"
"05/28/2019","4.89","4.91","4.91","4.89","","-0.32%"
"05/27/2019","4.90","4.92","4.92","4.90","","0.28%"
"05/24/2019","4.89","4.88","4.90","4.88","","0.46%"
"05/23/2019","4.87","4.91","4.91","4.87","","-1.42%"
"05/22/2019","4.94","4.94","4.94","4.93","","0.00%"
"05/21/2019","4.94","4.93","4.94","4.93","","0.75%"
"05/20/2019","4.90","4.96","4.96","4.90","","-1.01%"
"05/17/2019","4.95","4.95","4.95","4.93","","-0.46%"
"05/16/2019","4.98","4.90","4.98","4.90","","1.38%"
"05/15/2019","4.91","4.90","4.91","4.88","","0.41%"
"05/14/2019","4.89","4.85","4.89","4.85","","1.19%"
"05/13/2019","4.83","4.89","4.89","4.83","","-1.33%"
"05/10/2019","4.90","4.92","4.92","4.90","","0.21%"
"05/09/2019","4.89","4.94","4.94","4.89","","-1.41%"
"05/08/2019","4.96","4.94","4.96","4.93","","0.13%"
"05/07/2019","4.95","5.01","5.01","4.95","","-1.00%"
"05/06/2019","5.00","4.97","5.00","4.96","","-1.21%"
"05/03/2019","5.06","5.03","5.06","5.03","","0.58%"
"05/02/2019","5.03","5.05","5.05","5.03","0.20K","-0.65%"
"04/30/2019","5.06","5.05","5.06","5.05","","0.16%"
"04/29/2019","5.06","5.06","5.06","5.04","","0.14%"
"04/26/2019","5.05","5.05","5.05","5.05","","0.14%"
"04/25/2019","5.04","5.06","5.06","5.03","0.20K","-0.14%"
"04/24/2019","5.05","5.04","5.06","5.04","","0.00%"
"04/23/2019","5.05","5.04","5.05","5.03","","0.26%"